{"type":"FeatureCollection","generated_at":"2026-10-05T05:30:10.898574Z","schema_version":1,"globalLiveShowCount":0,"globalMaxCityLiveShowCount":0,"features":[{"type":"Feature","geometry":{"type":"Point","coordinates":[144.9631,-37.8136]},"properties":{"id":"city-1","slug":"melbourne","name":"Melbourne","countryCode":"AU","activeShowCount":0,"imminentShowCount":0,"liveStatusConfidence":null,"brightness":0.0}},{"type":"Feature","geometry":{"type":"Point","coordinates":[151.2093,-33.8688]},"properties":{"id":"city-2","slug":"sydney","name":"Sydney","countryCode":"AU","activeShowCount":0,"imminentShowCount":0,"liveStatusConfidence":null,"brightness":0.0}},{"type":"Feature","geometry":{"type":"Point","coordinates":[4.3517,50.8503]},"properties":{"id":"city-3","slug":"brussels","name":"Brussels","countryCode":"BE","activeShowCount":0,"imminentShowCount":0,"liveStatusConfidence":null,"brightness":0.0}},{"type":"Feature","geometry":{"type":"Point","coordinates":[-79.3832,43.6532]},"properties":{"id":"city-4","slug":"toronto","name":"Toronto","countryCode":"CA","activeShowCount":0,"imminentShowCount":0,"liveStatusConfidence":null,"brightness":0.0}},{"type":"Feature","geometry":{"type":"Point","coordinates":[13.405,52.52]},"properties":{"id":"city-8","slug":"berlin","name":"Berlin","countryCode":"DE","activeShowCount":0,"imminentShowCount":0,"liveStatusConfidence":null,"brightness":0.0}},{"type":"Feature","geometry":{"type":"Point","coordinates":[-8.4756,51.8985]},"properties":{"id":"city-13","slug":"cork","name":"Cork","countryCode":"IE","activeShowCount":0,"imminentShowCount":0,"liveStatusConfidence":null,"brightness":0.0}},{"type":"Feature","geometry":{"type":"Point","coordinates":[-6.2603,53.3498]},"properties":{"id":"city-14","slug":"dublin","name":"Dublin","countryCode":"IE","activeShowCount":0,"imminentShowCount":0,"liveStatusConfidence":null,"brightness":0.0}},{"type":"Feature","geometry":{"type":"Point","coordinates":[4.9041,52.3676]},"properties":{"id":"city-16","slug":"amsterdam","name":"Amsterdam","countryCode":"NL","activeShowCount":0,"imminentShowCount":0,"liveStatusConfidence":null,"brightness":0.0}},{"type":"Feature","geometry":{"type":"Point","coordinates":[103.8198,1.3521]},"properties":{"id":"city-17","slug":"singapore","name":"Singapore","countryCode":"SG","activeShowCount":0,"imminentShowCount":0,"liveStatusConfidence":null,"brightness":0.0}},{"type":"Feature","geometry":{"type":"Point","coordinates":[18.4241,-33.9249]},"properties":{"id":"city-18","slug":"cape-town","name":"Cape Town","countryCode":"ZA","activeShowCount":0,"imminentShowCount":0,"liveStatusConfidence":null,"brightness":0.0}},{"type":"Feature","geometry":{"type":"Point","coordinates":[2.1734,41.3851]},"properties":{"id":"city-20","slug":"barcelona","name":"Barcelona","countryCode":"ES","activeShowCount":0,"imminentShowCount":0,"liveStatusConfidence":null,"brightness":0.0}},{"type":"Feature","geometry":{"type":"Point","coordinates":[-3.7038,40.4168]},"properties":{"id":"city-21","slug":"madrid","name":"Madrid","countryCode":"ES","activeShowCount":0,"imminentShowCount":0,"liveStatusConfidence":null,"brightness":0.0}},{"type":"Feature","geometry":{"type":"Point","coordinates":[55.2708,25.2048]},"properties":{"id":"city-23","slug":"dubai","name":"Dubai","countryCode":"AE","activeShowCount":0,"imminentShowCount":0,"liveStatusConfidence":null,"brightness":0.0}},{"type":"Feature","geometry":{"type":"Point","coordinates":[-2.2426,53.4808]},"properties":{"id":"city-24","slug":"manchester","name":"Manchester","countryCode":"GB","activeShowCount":0,"imminentShowCount":0,"liveStatusConfidence":null,"brightness":0.0}},{"type":"Feature","geometry":{"type":"Point","coordinates":[2.3522,48.8566]},"properties":{"id":"city-25","slug":"paris","name":"Paris","countryCode":"FR","activeShowCount":0,"imminentShowCount":0,"liveStatusConfidence":null,"brightness":0.0}},{"type":"Feature","geometry":{"type":"Point","coordinates":[-9.1393,38.7223]},"properties":{"id":"city-26","slug":"lisbon","name":"Lisbon","countryCode":"PT","activeShowCount":0,"imminentShowCount":0,"liveStatusConfidence":null,"brightness":0.0}},{"type":"Feature","geometry":{"type":"Point","coordinates":[8.5417,47.3769]},"properties":{"id":"city-27","slug":"zurich","name":"Zurich","countryCode":"CH","activeShowCount":0,"imminentShowCount":0,"liveStatusConfidence":null,"brightness":0.0}},{"type":"Feature","geometry":{"type":"Point","coordinates":[24.1052,56.9496]},"properties":{"id":"city-28","slug":"riga","name":"Riga","countryCode":"LV","activeShowCount":0,"imminentShowCount":0,"liveStatusConfidence":null,"brightness":0.0}},{"type":"Feature","geometry":{"type":"Point","coordinates":[4.8357,45.764]},"properties":{"id":"city-30","slug":"lyon","name":"Lyon","countryCode":"FR","activeShowCount":0,"imminentShowCount":0,"liveStatusConfidence":null,"brightness":0.0}},{"type":"Feature","geometry":{"type":"Point","coordinates":[11.582,48.1351]},"properties":{"id":"city-31","slug":"munich","name":"Munich","countryCode":"DE","activeShowCount":0,"imminentShowCount":0,"liveStatusConfidence":null,"brightness":0.0}},{"type":"Feature","geometry":{"type":"Point","coordinates":[9.9937,53.5511]},"properties":{"id":"city-32","slug":"hamburg","name":"Hamburg","countryCode":"DE","activeShowCount":0,"imminentShowCount":0,"liveStatusConfidence":null,"brightness":0.0}},{"type":"Feature","geometry":{"type":"Point","coordinates":[-3.1883,55.9533]},"properties":{"id":"city-33","slug":"edinburgh","name":"Edinburgh","countryCode":"GB","activeShowCount":0,"imminentShowCount":0,"liveStatusConfidence":null,"brightness":0.0}},{"type":"Feature","geometry":{"type":"Point","coordinates":[-8.6291,41.1579]},"properties":{"id":"city-34","slug":"porto","name":"Porto","countryCode":"PT","activeShowCount":0,"imminentShowCount":0,"liveStatusConfidence":null,"brightness":0.0}},{"type":"Feature","geometry":{"type":"Point","coordinates":[9.19,45.4642]},"properties":{"id":"city-36","slug":"milan","name":"Milan","countryCode":"IT","activeShowCount":0,"imminentShowCount":0,"liveStatusConfidence":null,"brightness":0.0}},{"type":"Feature","geometry":{"type":"Point","coordinates":[12.4964,41.9028]},"properties":{"id":"city-37","slug":"rome","name":"Rome","countryCode":"IT","activeShowCount":0,"imminentShowCount":0,"liveStatusConfidence":null,"brightness":0.0}},{"type":"Feature","geometry":{"type":"Point","coordinates":[16.3738,48.2082]},"properties":{"id":"city-38","slug":"vienna","name":"Vienna","countryCode":"AT","activeShowCount":0,"imminentShowCount":0,"liveStatusConfidence":null,"brightness":0.0}},{"type":"Feature","geometry":{"type":"Point","coordinates":[16.6068,49.1951]},"properties":{"id":"city-39","slug":"brno","name":"Brno","countryCode":"CZ","activeShowCount":0,"imminentShowCount":0,"liveStatusConfidence":null,"brightness":0.0}},{"type":"Feature","geometry":{"type":"Point","coordinates":[18.0686,59.3293]},"properties":{"id":"city-40","slug":"stockholm","name":"Stockholm","countryCode":"SE","activeShowCount":0,"imminentShowCount":0,"liveStatusConfidence":null,"brightness":0.0}},{"type":"Feature","geometry":{"type":"Point","coordinates":[21.0122,52.2297]},"properties":{"id":"city-41","slug":"warsaw","name":"Warsaw","countryCode":"PL","activeShowCount":0,"imminentShowCount":0,"liveStatusConfidence":null,"brightness":0.0}},{"type":"Feature","geometry":{"type":"Point","coordinates":[10.7522,59.9139]},"properties":{"id":"city-43","slug":"oslo","name":"Oslo","countryCode":"NO","activeShowCount":0,"imminentShowCount":0,"liveStatusConfidence":null,"brightness":0.0}},{"type":"Feature","geometry":{"type":"Point","coordinates":[24.9384,60.1699]},"properties":{"id":"city-44","slug":"helsinki","name":"Helsinki","countryCode":"FI","activeShowCount":0,"imminentShowCount":0,"liveStatusConfidence":null,"brightness":0.0}},{"type":"Feature","geometry":{"type":"Point","coordinates":[23.7275,37.9838]},"properties":{"id":"city-46","slug":"athens","name":"Athens","countryCode":"GR","activeShowCount":0,"imminentShowCount":0,"liveStatusConfidence":null,"brightness":0.0}},{"type":"Feature","geometry":{"type":"Point","coordinates":[19.0402,47.4979]},"properties":{"id":"city-47","slug":"budapest","name":"Budapest","countryCode":"HU","activeShowCount":0,"imminentShowCount":0,"liveStatusConfidence":null,"brightness":0.0}},{"type":"Feature","geometry":{"type":"Point","coordinates":[15.9819,45.815]},"properties":{"id":"city-49","slug":"zagreb","name":"Zagreb","countryCode":"HR","activeShowCount":0,"imminentShowCount":0,"liveStatusConfidence":null,"brightness":0.0}},{"type":"Feature","geometry":{"type":"Point","coordinates":[17.1077,48.1486]},"properties":{"id":"city-50","slug":"bratislava","name":"Bratislava","countryCode":"SK","activeShowCount":0,"imminentShowCount":0,"liveStatusConfidence":null,"brightness":0.0}},{"type":"Feature","geometry":{"type":"Point","coordinates":[23.3219,42.6977]},"properties":{"id":"city-51","slug":"sofia","name":"Sofia","countryCode":"BG","activeShowCount":0,"imminentShowCount":0,"liveStatusConfidence":null,"brightness":0.0}},{"type":"Feature","geometry":{"type":"Point","coordinates":[14.5058,46.0569]},"properties":{"id":"city-52","slug":"ljubljana","name":"Ljubljana","countryCode":"SI","activeShowCount":0,"imminentShowCount":0,"liveStatusConfidence":null,"brightness":0.0}},{"type":"Feature","geometry":{"type":"Point","coordinates":[24.7536,59.437]},"properties":{"id":"city-53","slug":"tallinn","name":"Tallinn","countryCode":"EE","activeShowCount":0,"imminentShowCount":0,"liveStatusConfidence":null,"brightness":0.0}},{"type":"Feature","geometry":{"type":"Point","coordinates":[25.2797,54.6872]},"properties":{"id":"city-55","slug":"vilnius","name":"Vilnius","countryCode":"LT","activeShowCount":0,"imminentShowCount":0,"liveStatusConfidence":null,"brightness":0.0}},{"type":"Feature","geometry":{"type":"Point","coordinates":[33.3823,35.1856]},"properties":{"id":"city-59","slug":"nicosia","name":"Nicosia","countryCode":"CY","activeShowCount":0,"imminentShowCount":0,"liveStatusConfidence":null,"brightness":0.0}},{"type":"Feature","geometry":{"type":"Point","coordinates":[28.9784,41.0082]},"properties":{"id":"city-60","slug":"istanbul","name":"Istanbul","countryCode":"TR","activeShowCount":0,"imminentShowCount":0,"liveStatusConfidence":null,"brightness":0.0}},{"type":"Feature","geometry":{"type":"Point","coordinates":[18.4131,43.8563]},"properties":{"id":"city-64","slug":"sarajevo","name":"Sarajevo","countryCode":"BA","activeShowCount":0,"imminentShowCount":0,"liveStatusConfidence":null,"brightness":0.0}},{"type":"Feature","geometry":{"type":"Point","coordinates":[21.4254,41.9981]},"properties":{"id":"city-65","slug":"skopje","name":"Skopje","countryCode":"MK","activeShowCount":0,"imminentShowCount":0,"liveStatusConfidence":null,"brightness":0.0}},{"type":"Feature","geometry":{"type":"Point","coordinates":[19.8187,41.3275]},"properties":{"id":"city-67","slug":"tirana","name":"Tirana","countryCode":"AL","activeShowCount":0,"imminentShowCount":0,"liveStatusConfidence":null,"brightness":0.0}},{"type":"Feature","geometry":{"type":"Point","coordinates":[44.4991,40.1792]},"properties":{"id":"city-68","slug":"yerevan","name":"Yerevan","countryCode":"AM","activeShowCount":0,"imminentShowCount":0,"liveStatusConfidence":null,"brightness":0.0}},{"type":"Feature","geometry":{"type":"Point","coordinates":[-0.1278,51.5074]},"properties":{"id":"city-74","slug":"london","name":"London","countryCode":"GB","activeShowCount":0,"imminentShowCount":0,"liveStatusConfidence":null,"brightness":0.0}},{"type":"Feature","geometry":{"type":"Point","coordinates":[-74.006,40.7128]},"properties":{"id":"city-75","slug":"new-york","name":"New York","countryCode":"US","activeShowCount":0,"imminentShowCount":0,"liveStatusConfidence":null,"brightness":0.0}},{"type":"Feature","geometry":{"type":"Point","coordinates":[-118.2437,34.0522]},"properties":{"id":"city-76","slug":"los-angeles","name":"Los Angeles","countryCode":"US","activeShowCount":0,"imminentShowCount":0,"liveStatusConfidence":null,"brightness":0.0}},{"type":"Feature","geometry":{"type":"Point","coordinates":[-87.6298,41.8781]},"properties":{"id":"city-77","slug":"chicago","name":"Chicago","countryCode":"US","activeShowCount":0,"imminentShowCount":0,"liveStatusConfidence":null,"brightness":0.0}},{"type":"Feature","geometry":{"type":"Point","coordinates":[-4.2518,55.8642]},"properties":{"id":"city-78","slug":"glasgow","name":"Glasgow","countryCode":"GB","activeShowCount":0,"imminentShowCount":0,"liveStatusConfidence":null,"brightness":0.0}},{"type":"Feature","geometry":{"type":"Point","coordinates":[-2.5879,51.4545]},"properties":{"id":"city-79","slug":"bristol","name":"Bristol","countryCode":"GB","activeShowCount":0,"imminentShowCount":0,"liveStatusConfidence":null,"brightness":0.0}},{"type":"Feature","geometry":{"type":"Point","coordinates":[-1.8904,52.4862]},"properties":{"id":"city-80","slug":"birmingham","name":"Birmingham","countryCode":"GB","activeShowCount":0,"imminentShowCount":0,"liveStatusConfidence":null,"brightness":0.0}},{"type":"Feature","geometry":{"type":"Point","coordinates":[-1.5491,53.8008]},"properties":{"id":"city-81","slug":"leeds","name":"Leeds","countryCode":"GB","activeShowCount":0,"imminentShowCount":0,"liveStatusConfidence":null,"brightness":0.0}},{"type":"Feature","geometry":{"type":"Point","coordinates":[-2.9916,53.4084]},"properties":{"id":"city-82","slug":"liverpool","name":"Liverpool","countryCode":"GB","activeShowCount":0,"imminentShowCount":0,"liveStatusConfidence":null,"brightness":0.0}},{"type":"Feature","geometry":{"type":"Point","coordinates":[-3.1791,51.4816]},"properties":{"id":"city-83","slug":"cardiff","name":"Cardiff","countryCode":"GB","activeShowCount":0,"imminentShowCount":0,"liveStatusConfidence":null,"brightness":0.0}},{"type":"Feature","geometry":{"type":"Point","coordinates":[-5.9301,54.5973]},"properties":{"id":"city-84","slug":"belfast","name":"Belfast","countryCode":"GB","activeShowCount":0,"imminentShowCount":0,"liveStatusConfidence":null,"brightness":0.0}},{"type":"Feature","geometry":{"type":"Point","coordinates":[-0.1372,50.8225]},"properties":{"id":"city-85","slug":"brighton","name":"Brighton","countryCode":"GB","activeShowCount":0,"imminentShowCount":0,"liveStatusConfidence":null,"brightness":0.0}},{"type":"Feature","geometry":{"type":"Point","coordinates":[-1.1581,52.9548]},"properties":{"id":"city-86","slug":"nottingham","name":"Nottingham","countryCode":"GB","activeShowCount":0,"imminentShowCount":0,"liveStatusConfidence":null,"brightness":0.0}},{"type":"Feature","geometry":{"type":"Point","coordinates":[-9.0568,53.2707]},"properties":{"id":"city-88","slug":"galway","name":"Galway","countryCode":"IE","activeShowCount":0,"imminentShowCount":0,"liveStatusConfidence":null,"brightness":0.0}},{"type":"Feature","geometry":{"type":"Point","coordinates":[-71.0589,42.3601]},"properties":{"id":"city-89","slug":"boston","name":"Boston","countryCode":"US","activeShowCount":0,"imminentShowCount":0,"liveStatusConfidence":null,"brightness":0.0}},{"type":"Feature","geometry":{"type":"Point","coordinates":[-97.7431,30.2672]},"properties":{"id":"city-90","slug":"austin","name":"Austin","countryCode":"US","activeShowCount":0,"imminentShowCount":0,"liveStatusConfidence":null,"brightness":0.0}},{"type":"Feature","geometry":{"type":"Point","coordinates":[-122.3321,47.6062]},"properties":{"id":"city-91","slug":"seattle","name":"Seattle","countryCode":"US","activeShowCount":0,"imminentShowCount":0,"liveStatusConfidence":null,"brightness":0.0}},{"type":"Feature","geometry":{"type":"Point","coordinates":[-122.6784,45.5152]},"properties":{"id":"city-92","slug":"portland","name":"Portland","countryCode":"US","activeShowCount":0,"imminentShowCount":0,"liveStatusConfidence":null,"brightness":0.0}},{"type":"Feature","geometry":{"type":"Point","coordinates":[-104.9903,39.7392]},"properties":{"id":"city-93","slug":"denver","name":"Denver","countryCode":"US","activeShowCount":0,"imminentShowCount":0,"liveStatusConfidence":null,"brightness":0.0}},{"type":"Feature","geometry":{"type":"Point","coordinates":[-84.388,33.749]},"properties":{"id":"city-94","slug":"atlanta","name":"Atlanta","countryCode":"US","activeShowCount":0,"imminentShowCount":0,"liveStatusConfidence":null,"brightness":0.0}},{"type":"Feature","geometry":{"type":"Point","coordinates":[-86.7816,36.1627]},"properties":{"id":"city-95","slug":"nashville","name":"Nashville","countryCode":"US","activeShowCount":0,"imminentShowCount":0,"liveStatusConfidence":null,"brightness":0.0}},{"type":"Feature","geometry":{"type":"Point","coordinates":[-75.1652,39.9526]},"properties":{"id":"city-96","slug":"philadelphia","name":"Philadelphia","countryCode":"US","activeShowCount":0,"imminentShowCount":0,"liveStatusConfidence":null,"brightness":0.0}},{"type":"Feature","geometry":{"type":"Point","coordinates":[-93.265,44.9778]},"properties":{"id":"city-98","slug":"minneapolis","name":"Minneapolis","countryCode":"US","activeShowCount":0,"imminentShowCount":0,"liveStatusConfidence":null,"brightness":0.0}},{"type":"Feature","geometry":{"type":"Point","coordinates":[-117.1611,32.7157]},"properties":{"id":"city-99","slug":"san-diego","name":"San Diego","countryCode":"US","activeShowCount":0,"imminentShowCount":0,"liveStatusConfidence":null,"brightness":0.0}},{"type":"Feature","geometry":{"type":"Point","coordinates":[-112.074,33.4484]},"properties":{"id":"city-100","slug":"phoenix","name":"Phoenix","countryCode":"US","activeShowCount":0,"imminentShowCount":0,"liveStatusConfidence":null,"brightness":0.0}},{"type":"Feature","geometry":{"type":"Point","coordinates":[-80.1918,25.7617]},"properties":{"id":"city-101","slug":"miami","name":"Miami","countryCode":"US","activeShowCount":0,"imminentShowCount":0,"liveStatusConfidence":null,"brightness":0.0}},{"type":"Feature","geometry":{"type":"Point","coordinates":[-90.0715,29.9511]},"properties":{"id":"city-102","slug":"new-orleans","name":"New Orleans","countryCode":"US","activeShowCount":0,"imminentShowCount":0,"liveStatusConfidence":null,"brightness":0.0}},{"type":"Feature","geometry":{"type":"Point","coordinates":[-95.3698,29.7604]},"properties":{"id":"city-103","slug":"houston","name":"Houston","countryCode":"US","activeShowCount":0,"imminentShowCount":0,"liveStatusConfidence":null,"brightness":0.0}},{"type":"Feature","geometry":{"type":"Point","coordinates":[-96.797,32.7767]},"properties":{"id":"city-104","slug":"dallas","name":"Dallas","countryCode":"US","activeShowCount":0,"imminentShowCount":0,"liveStatusConfidence":null,"brightness":0.0}},{"type":"Feature","geometry":{"type":"Point","coordinates":[-83.0458,42.3314]},"properties":{"id":"city-105","slug":"detroit","name":"Detroit","countryCode":"US","activeShowCount":0,"imminentShowCount":0,"liveStatusConfidence":null,"brightness":0.0}},{"type":"Feature","geometry":{"type":"Point","coordinates":[-79.9959,40.4406]},"properties":{"id":"city-106","slug":"pittsburgh","name":"Pittsburgh","countryCode":"US","activeShowCount":0,"imminentShowCount":0,"liveStatusConfidence":null,"brightness":0.0}},{"type":"Feature","geometry":{"type":"Point","coordinates":[-123.1207,49.2827]},"properties":{"id":"city-107","slug":"vancouver","name":"Vancouver","countryCode":"CA","activeShowCount":0,"imminentShowCount":0,"liveStatusConfidence":null,"brightness":0.0}},{"type":"Feature","geometry":{"type":"Point","coordinates":[-73.5674,45.5019]},"properties":{"id":"city-108","slug":"montreal","name":"Montreal","countryCode":"CA","activeShowCount":0,"imminentShowCount":0,"liveStatusConfidence":null,"brightness":0.0}},{"type":"Feature","geometry":{"type":"Point","coordinates":[-114.0719,51.0447]},"properties":{"id":"city-109","slug":"calgary","name":"Calgary","countryCode":"CA","activeShowCount":0,"imminentShowCount":0,"liveStatusConfidence":null,"brightness":0.0}},{"type":"Feature","geometry":{"type":"Point","coordinates":[-75.6972,45.4215]},"properties":{"id":"city-110","slug":"ottawa","name":"Ottawa","countryCode":"CA","activeShowCount":0,"imminentShowCount":0,"liveStatusConfidence":null,"brightness":0.0}},{"type":"Feature","geometry":{"type":"Point","coordinates":[-97.1384,49.8951]},"properties":{"id":"city-111","slug":"winnipeg","name":"Winnipeg","countryCode":"CA","activeShowCount":0,"imminentShowCount":0,"liveStatusConfidence":null,"brightness":0.0}},{"type":"Feature","geometry":{"type":"Point","coordinates":[-113.4938,53.5461]},"properties":{"id":"city-112","slug":"edmonton","name":"Edmonton","countryCode":"CA","activeShowCount":0,"imminentShowCount":0,"liveStatusConfidence":null,"brightness":0.0}},{"type":"Feature","geometry":{"type":"Point","coordinates":[-63.5752,44.6488]},"properties":{"id":"city-113","slug":"halifax","name":"Halifax","countryCode":"CA","activeShowCount":0,"imminentShowCount":0,"liveStatusConfidence":null,"brightness":0.0}},{"type":"Feature","geometry":{"type":"Point","coordinates":[153.0251,-27.4698]},"properties":{"id":"city-114","slug":"brisbane","name":"Brisbane","countryCode":"AU","activeShowCount":0,"imminentShowCount":0,"liveStatusConfidence":null,"brightness":0.0}},{"type":"Feature","geometry":{"type":"Point","coordinates":[115.8605,-31.9505]},"properties":{"id":"city-115","slug":"perth","name":"Perth","countryCode":"AU","activeShowCount":0,"imminentShowCount":0,"liveStatusConfidence":null,"brightness":0.0}},{"type":"Feature","geometry":{"type":"Point","coordinates":[6.9603,50.9375]},"properties":{"id":"city-120","slug":"cologne","name":"Cologne","countryCode":"DE","activeShowCount":0,"imminentShowCount":0,"liveStatusConfidence":null,"brightness":0.0}},{"type":"Feature","geometry":{"type":"Point","coordinates":[-97.517054,35.472989]},"properties":{"id":"city-121","slug":"oklahoma-city","name":"Oklahoma City","countryCode":"US","activeShowCount":0,"imminentShowCount":0,"liveStatusConfidence":null,"brightness":0.0}},{"type":"Feature","geometry":{"type":"Point","coordinates":[-95.992752,36.156312]},"properties":{"id":"city-122","slug":"tulsa","name":"Tulsa","countryCode":"US","activeShowCount":0,"imminentShowCount":0,"liveStatusConfidence":null,"brightness":0.0}},{"type":"Feature","geometry":{"type":"Point","coordinates":[-77.036385,38.895098]},"properties":{"id":"city-123","slug":"washington","name":"Washington","countryCode":"US","activeShowCount":0,"imminentShowCount":0,"liveStatusConfidence":null,"brightness":0.0}},{"type":"Feature","geometry":{"type":"Point","coordinates":[-105.077011,40.587178]},"properties":{"id":"city-124","slug":"fort-collins","name":"Fort Collins","countryCode":"US","activeShowCount":0,"imminentShowCount":0,"liveStatusConfidence":null,"brightness":0.0}},{"type":"Feature","geometry":{"type":"Point","coordinates":[-94.5786,39.0997]},"properties":{"id":"city-125","slug":"kansas-city","name":"Kansas City","countryCode":"US","activeShowCount":0,"imminentShowCount":0,"liveStatusConfidence":null,"brightness":0.0}},{"type":"Feature","geometry":{"type":"Point","coordinates":[-86.534288,39.16704]},"properties":{"id":"city-126","slug":"bloomington","name":"Bloomington","countryCode":"US","activeShowCount":0,"imminentShowCount":0,"liveStatusConfidence":null,"brightness":0.0}},{"type":"Feature","geometry":{"type":"Point","coordinates":[-111.940016,33.425512]},"properties":{"id":"city-127","slug":"tempe","name":"Tempe","countryCode":"US","activeShowCount":0,"imminentShowCount":0,"liveStatusConfidence":null,"brightness":0.0}},{"type":"Feature","geometry":{"type":"Point","coordinates":[-78.639099,35.780398]},"properties":{"id":"city-128","slug":"raleigh","name":"Raleigh","countryCode":"US","activeShowCount":0,"imminentShowCount":0,"liveStatusConfidence":null,"brightness":0.0}},{"type":"Feature","geometry":{"type":"Point","coordinates":[-86.1581,39.7684]},"properties":{"id":"city-129","slug":"indianapolis","name":"Indianapolis","countryCode":"US","activeShowCount":0,"imminentShowCount":0,"liveStatusConfidence":null,"brightness":0.0}},{"type":"Feature","geometry":{"type":"Point","coordinates":[-84.294596,34.075596]},"properties":{"id":"city-130","slug":"alpharetta","name":"Alpharetta","countryCode":"US","activeShowCount":0,"imminentShowCount":0,"liveStatusConfidence":null,"brightness":0.0}},{"type":"Feature","geometry":{"type":"Point","coordinates":[-85.759407,38.254238]},"properties":{"id":"city-131","slug":"louisville","name":"Louisville","countryCode":"US","activeShowCount":0,"imminentShowCount":0,"liveStatusConfidence":null,"brightness":0.0}},{"type":"Feature","geometry":{"type":"Point","coordinates":[-111.841185,33.306203]},"properties":{"id":"city-132","slug":"chandler","name":"Chandler","countryCode":"US","activeShowCount":0,"imminentShowCount":0,"liveStatusConfidence":null,"brightness":0.0}},{"type":"Feature","geometry":{"type":"Point","coordinates":[-81.794294,26.142198]},"properties":{"id":"city-133","slug":"naples","name":"Naples","countryCode":"US","activeShowCount":0,"imminentShowCount":0,"liveStatusConfidence":null,"brightness":0.0}},{"type":"Feature","geometry":{"type":"Point","coordinates":[-88.406974,44.261397]},"properties":{"id":"city-134","slug":"appleton","name":"Appleton","countryCode":"US","activeShowCount":0,"imminentShowCount":0,"liveStatusConfidence":null,"brightness":0.0}},{"type":"Feature","geometry":{"type":"Point","coordinates":[-117.42351,47.657193]},"properties":{"id":"city-135","slug":"spokane","name":"Spokane","countryCode":"US","activeShowCount":0,"imminentShowCount":0,"liveStatusConfidence":null,"brightness":0.0}},{"type":"Feature","geometry":{"type":"Point","coordinates":[-85.138602,41.07999]},"properties":{"id":"city-136","slug":"fort-wayne","name":"Fort Wayne","countryCode":"US","activeShowCount":0,"imminentShowCount":0,"liveStatusConfidence":null,"brightness":0.0}},{"type":"Feature","geometry":{"type":"Point","coordinates":[-122.438329,47.245501]},"properties":{"id":"city-137","slug":"tacoma","name":"Tacoma","countryCode":"US","activeShowCount":0,"imminentShowCount":0,"liveStatusConfidence":null,"brightness":0.0}},{"type":"Feature","geometry":{"type":"Point","coordinates":[-73.212906,44.47616]},"properties":{"id":"city-138","slug":"burlington","name":"Burlington","countryCode":"US","activeShowCount":0,"imminentShowCount":0,"liveStatusConfidence":null,"brightness":0.0}},{"type":"Feature","geometry":{"type":"Point","coordinates":[-111.886797,40.75962]},"properties":{"id":"city-139","slug":"salt-lake-city","name":"Salt Lake City","countryCode":"US","activeShowCount":0,"imminentShowCount":0,"liveStatusConfidence":null,"brightness":0.0}},{"type":"Feature","geometry":{"type":"Point","coordinates":[-111.939521,40.606134]},"properties":{"id":"city-140","slug":"west-jordan","name":"West Jordan","countryCode":"US","activeShowCount":0,"imminentShowCount":0,"liveStatusConfidence":null,"brightness":0.0}},{"type":"Feature","geometry":{"type":"Point","coordinates":[-111.973843,41.223005]},"properties":{"id":"city-141","slug":"ogden","name":"Ogden","countryCode":"US","activeShowCount":0,"imminentShowCount":0,"liveStatusConfidence":null,"brightness":0.0}},{"type":"Feature","geometry":{"type":"Point","coordinates":[-99.1332,19.4326]},"properties":{"id":"city-142","slug":"mexico-city","name":"Mexico City","countryCode":"MX","activeShowCount":0,"imminentShowCount":0,"liveStatusConfidence":null,"brightness":0.0}},{"type":"Feature","geometry":{"type":"Point","coordinates":[-1.133197,52.6362]},"properties":{"id":"city-145","slug":"leicester","name":"Leicester","countryCode":"GB","activeShowCount":0,"imminentShowCount":0,"liveStatusConfidence":null,"brightness":0.0}},{"type":"Feature","geometry":{"type":"Point","coordinates":[-122.40752,37.787936]},"properties":{"id":"city-146","slug":"san-francisco","name":"San Francisco","countryCode":"US","activeShowCount":0,"imminentShowCount":0,"liveStatusConfidence":null,"brightness":0.0}},{"type":"Feature","geometry":{"type":"Point","coordinates":[-2.359696,51.381386]},"properties":{"id":"city-147","slug":"bath","name":"Bath","countryCode":"GB","activeShowCount":0,"imminentShowCount":0,"liveStatusConfidence":null,"brightness":0.0}},{"type":"Feature","geometry":{"type":"Point","coordinates":[1.292395,52.628558]},"properties":{"id":"city-159","slug":"norwich","name":"Norwich","countryCode":"GB","activeShowCount":0,"imminentShowCount":0,"liveStatusConfidence":null,"brightness":0.0}},{"type":"Feature","geometry":{"type":"Point","coordinates":[-2.09281,57.148243]},"properties":{"id":"city-160","slug":"aberdeen","name":"Aberdeen","countryCode":"GB","activeShowCount":0,"imminentShowCount":0,"liveStatusConfidence":null,"brightness":0.0}},{"type":"Feature","geometry":{"type":"Point","coordinates":[-3.526921,50.725614]},"properties":{"id":"city-167","slug":"exeter","name":"Exeter","countryCode":"GB","activeShowCount":0,"imminentShowCount":0,"liveStatusConfidence":null,"brightness":0.0}},{"type":"Feature","geometry":{"type":"Point","coordinates":[-1.25785,51.752013]},"properties":{"id":"city-171","slug":"oxford","name":"Oxford","countryCode":"GB","activeShowCount":0,"imminentShowCount":0,"liveStatusConfidence":null,"brightness":0.0}},{"type":"Feature","geometry":{"type":"Point","coordinates":[-87.909075,43.038648]},"properties":{"id":"city-173","slug":"milwaukee","name":"Milwaukee","countryCode":"US","activeShowCount":0,"imminentShowCount":0,"liveStatusConfidence":null,"brightness":0.0}},{"type":"Feature","geometry":{"type":"Point","coordinates":[130.841047,-12.46044]},"properties":{"id":"city-182","slug":"darwin","name":"Darwin","countryCode":"AU","activeShowCount":0,"imminentShowCount":0,"liveStatusConfidence":null,"brightness":0.0}},{"type":"Feature","geometry":{"type":"Point","coordinates":[4.47775,51.924442]},"properties":{"id":"city-186","slug":"rotterdam","name":"Rotterdam","countryCode":"NL","activeShowCount":0,"imminentShowCount":0,"liveStatusConfidence":null,"brightness":0.0}},{"type":"Feature","geometry":{"type":"Point","coordinates":[3.0573,50.6292]},"properties":{"id":"city-189","slug":"lille","name":"Lille","countryCode":"FR","activeShowCount":0,"imminentShowCount":0,"liveStatusConfidence":null,"brightness":0.0}},{"type":"Feature","geometry":{"type":"Point","coordinates":[5.94748,49.50047]},"properties":{"id":"city-359","slug":"esch-alzette","name":"Esch-Alzette","countryCode":"LU","activeShowCount":0,"imminentShowCount":0,"liveStatusConfidence":null,"brightness":0.0}},{"type":"Feature","geometry":{"type":"Point","coordinates":[-4.61998,36.54173]},"properties":{"id":"city-360","slug":"fuengirola","name":"Fuengirola","countryCode":"ES","activeShowCount":0,"imminentShowCount":0,"liveStatusConfidence":null,"brightness":0.0}},{"type":"Feature","geometry":{"type":"Point","coordinates":[-4.02092,39.86072]},"properties":{"id":"city-361","slug":"toledo","name":"Toledo","countryCode":"ES","activeShowCount":0,"imminentShowCount":0,"liveStatusConfidence":null,"brightness":0.0}},{"type":"Feature","geometry":{"type":"Point","coordinates":[19.93118,50.04782]},"properties":{"id":"city-363","slug":"krakow","name":"Krakow","countryCode":"PL","activeShowCount":0,"imminentShowCount":0,"liveStatusConfidence":null,"brightness":0.0}},{"type":"Feature","geometry":{"type":"Point","coordinates":[28.28196,-25.7878]},"properties":{"id":"city-364","slug":"pretoria","name":"Pretoria","countryCode":"ZA","activeShowCount":0,"imminentShowCount":0,"liveStatusConfidence":null,"brightness":0.0}},{"type":"Feature","geometry":{"type":"Point","coordinates":[-43.360897,-22.981359]},"properties":{"id":"city-365","slug":"rio-de-janeiro","name":"Rio de Janeiro","countryCode":"BR","activeShowCount":0,"imminentShowCount":0,"liveStatusConfidence":null,"brightness":0.0}},{"type":"Feature","geometry":{"type":"Point","coordinates":[14.41845,50.081985]},"properties":{"id":"city-366","slug":"praha-1","name":"Praha 1","countryCode":"CZ","activeShowCount":0,"imminentShowCount":0,"liveStatusConfidence":null,"brightness":0.0}},{"type":"Feature","geometry":{"type":"Point","coordinates":[14.493645,50.1041]},"properties":{"id":"city-367","slug":"praha-9","name":"Praha 9","countryCode":"CZ","activeShowCount":0,"imminentShowCount":0,"liveStatusConfidence":null,"brightness":0.0}},{"type":"Feature","geometry":{"type":"Point","coordinates":[14.42858,50.06197]},"properties":{"id":"city-368","slug":"praha-4","name":"Praha 4","countryCode":"CZ","activeShowCount":0,"imminentShowCount":0,"liveStatusConfidence":null,"brightness":0.0}},{"type":"Feature","geometry":{"type":"Point","coordinates":[8.97243,58.55616]},"properties":{"id":"city-369","slug":"staub","name":"Staub\u00f8","countryCode":"NO","activeShowCount":0,"imminentShowCount":0,"liveStatusConfidence":null,"brightness":0.0}},{"type":"Feature","geometry":{"type":"Point","coordinates":[54.60183,24.46031]},"properties":{"id":"city-370","slug":"abu-dhabi","name":"Abu Dhabi","countryCode":"AE","activeShowCount":0,"imminentShowCount":0,"liveStatusConfidence":null,"brightness":0.0}},{"type":"Feature","geometry":{"type":"Point","coordinates":[15.20787,59.27269]},"properties":{"id":"city-372","slug":"orebro","name":"\u00d6rebro","countryCode":"SE","activeShowCount":0,"imminentShowCount":0,"liveStatusConfidence":null,"brightness":0.0}},{"type":"Feature","geometry":{"type":"Point","coordinates":[20.95395,64.75208]},"properties":{"id":"city-373","slug":"skelleftea","name":"Skellefte\u00e5","countryCode":"SE","activeShowCount":0,"imminentShowCount":0,"liveStatusConfidence":null,"brightness":0.0}},{"type":"Feature","geometry":{"type":"Point","coordinates":[6.146129,46.203987]},"properties":{"id":"city-374","slug":"geneve","name":"Gen\u00e8ve","countryCode":"CH","activeShowCount":0,"imminentShowCount":0,"liveStatusConfidence":null,"brightness":0.0}},{"type":"Feature","geometry":{"type":"Point","coordinates":[6.62326,46.52951]},"properties":{"id":"city-375","slug":"lausanne","name":"Lausanne","countryCode":"CH","activeShowCount":0,"imminentShowCount":0,"liveStatusConfidence":null,"brightness":0.0}},{"type":"Feature","geometry":{"type":"Point","coordinates":[7.1555,46.81745]},"properties":{"id":"city-376","slug":"fribourg","name":"Fribourg","countryCode":"CH","activeShowCount":0,"imminentShowCount":0,"liveStatusConfidence":null,"brightness":0.0}},{"type":"Feature","geometry":{"type":"Point","coordinates":[8.59753,47.39608]},"properties":{"id":"city-377","slug":"dubendorf","name":"D\u00fcbendorf","countryCode":"CH","activeShowCount":0,"imminentShowCount":0,"liveStatusConfidence":null,"brightness":0.0}},{"type":"Feature","geometry":{"type":"Point","coordinates":[6.64303,46.76605]},"properties":{"id":"city-378","slug":"yverdon-les-bains","name":"Yverdon-les-Bains","countryCode":"CH","activeShowCount":0,"imminentShowCount":0,"liveStatusConfidence":null,"brightness":0.0}},{"type":"Feature","geometry":{"type":"Point","coordinates":[7.44872,46.95326]},"properties":{"id":"city-379","slug":"bern","name":"Bern","countryCode":"CH","activeShowCount":0,"imminentShowCount":0,"liveStatusConfidence":null,"brightness":0.0}},{"type":"Feature","geometry":{"type":"Point","coordinates":[174.77856,-41.291801]},"properties":{"id":"city-380","slug":"wellington","name":"Wellington","countryCode":"NZ","activeShowCount":0,"imminentShowCount":0,"liveStatusConfidence":null,"brightness":0.0}},{"type":"Feature","geometry":{"type":"Point","coordinates":[174.770424,-36.848935]},"properties":{"id":"city-381","slug":"auckland","name":"Auckland","countryCode":"NZ","activeShowCount":0,"imminentShowCount":0,"liveStatusConfidence":null,"brightness":0.0}},{"type":"Feature","geometry":{"type":"Point","coordinates":[172.629937,-43.529946]},"properties":{"id":"city-382","slug":"christchurch","name":"Christchurch","countryCode":"NZ","activeShowCount":0,"imminentShowCount":0,"liveStatusConfidence":null,"brightness":0.0}},{"type":"Feature","geometry":{"type":"Point","coordinates":[174.77359,-36.783684]},"properties":{"id":"city-383","slug":"takapuna-beach","name":"Takapuna Beach","countryCode":"NZ","activeShowCount":0,"imminentShowCount":0,"liveStatusConfidence":null,"brightness":0.0}},{"type":"Feature","geometry":{"type":"Point","coordinates":[174.760834,-36.849869]},"properties":{"id":"city-384","slug":"auckland-city","name":"Auckland City","countryCode":"NZ","activeShowCount":0,"imminentShowCount":0,"liveStatusConfidence":null,"brightness":0.0}},{"type":"Feature","geometry":{"type":"Point","coordinates":[175.284674,-37.788791]},"properties":{"id":"city-385","slug":"hamilton","name":"Hamilton","countryCode":"NZ","activeShowCount":0,"imminentShowCount":0,"liveStatusConfidence":null,"brightness":0.0}},{"type":"Feature","geometry":{"type":"Point","coordinates":[7.66667,45.05]},"properties":{"id":"city-386","slug":"torino","name":"Torino","countryCode":"IT","activeShowCount":0,"imminentShowCount":0,"liveStatusConfidence":null,"brightness":0.0}},{"type":"Feature","geometry":{"type":"Point","coordinates":[8.828545,45.81535]},"properties":{"id":"city-387","slug":"varese","name":"Varese","countryCode":"IT","activeShowCount":0,"imminentShowCount":0,"liveStatusConfidence":null,"brightness":0.0}},{"type":"Feature","geometry":{"type":"Point","coordinates":[11.348266,44.488712]},"properties":{"id":"city-388","slug":"bologna","name":"Bologna","countryCode":"IT","activeShowCount":0,"imminentShowCount":0,"liveStatusConfidence":null,"brightness":0.0}},{"type":"Feature","geometry":{"type":"Point","coordinates":[13.784442,45.652538]},"properties":{"id":"city-389","slug":"trieste","name":"Trieste","countryCode":"IT","activeShowCount":0,"imminentShowCount":0,"liveStatusConfidence":null,"brightness":0.0}},{"type":"Feature","geometry":{"type":"Point","coordinates":[11.854841,45.407647]},"properties":{"id":"city-390","slug":"padova","name":"Padova","countryCode":"IT","activeShowCount":0,"imminentShowCount":0,"liveStatusConfidence":null,"brightness":0.0}},{"type":"Feature","geometry":{"type":"Point","coordinates":[9.687438,45.698202]},"properties":{"id":"city-391","slug":"bergamo","name":"Bergamo","countryCode":"IT","activeShowCount":0,"imminentShowCount":0,"liveStatusConfidence":null,"brightness":0.0}},{"type":"Feature","geometry":{"type":"Point","coordinates":[13.218237,43.712898]},"properties":{"id":"city-392","slug":"senigallia","name":"Senigallia","countryCode":"IT","activeShowCount":0,"imminentShowCount":0,"liveStatusConfidence":null,"brightness":0.0}},{"type":"Feature","geometry":{"type":"Point","coordinates":[12.565908,44.060701]},"properties":{"id":"city-393","slug":"rimini","name":"Rimini","countryCode":"IT","activeShowCount":0,"imminentShowCount":0,"liveStatusConfidence":null,"brightness":0.0}},{"type":"Feature","geometry":{"type":"Point","coordinates":[10.21349,45.513876]},"properties":{"id":"city-394","slug":"brescia","name":"Brescia","countryCode":"IT","activeShowCount":0,"imminentShowCount":0,"liveStatusConfidence":null,"brightness":0.0}},{"type":"Feature","geometry":{"type":"Point","coordinates":[9.683994,45.041638]},"properties":{"id":"city-395","slug":"piacenza","name":"Piacenza","countryCode":"IT","activeShowCount":0,"imminentShowCount":0,"liveStatusConfidence":null,"brightness":0.0}},{"type":"Feature","geometry":{"type":"Point","coordinates":[11.128764,46.06381]},"properties":{"id":"city-396","slug":"trento","name":"Trento","countryCode":"IT","activeShowCount":0,"imminentShowCount":0,"liveStatusConfidence":null,"brightness":0.0}},{"type":"Feature","geometry":{"type":"Point","coordinates":[13.229234,46.070901]},"properties":{"id":"city-397","slug":"udine","name":"Udine","countryCode":"IT","activeShowCount":0,"imminentShowCount":0,"liveStatusConfidence":null,"brightness":0.0}},{"type":"Feature","geometry":{"type":"Point","coordinates":[9.98353,57.46252]},"properties":{"id":"city-399","slug":"hjrring","name":"Hj\u00f8rring","countryCode":"DK","activeShowCount":0,"imminentShowCount":0,"liveStatusConfidence":null,"brightness":0.0}},{"type":"Feature","geometry":{"type":"Point","coordinates":[12.57277,55.67853]},"properties":{"id":"city-402","slug":"kbenhavn-k","name":"K\u00f8benhavn K","countryCode":"DK","activeShowCount":0,"imminentShowCount":0,"liveStatusConfidence":null,"brightness":0.0}},{"type":"Feature","geometry":{"type":"Point","coordinates":[12.53344,55.67971]},"properties":{"id":"city-403","slug":"frederiksberg","name":"Frederiksberg","countryCode":"DK","activeShowCount":0,"imminentShowCount":0,"liveStatusConfidence":null,"brightness":0.0}},{"type":"Feature","geometry":{"type":"Point","coordinates":[9.78693,54.90592]},"properties":{"id":"city-404","slug":"snderborg","name":"S\u00f8nderborg","countryCode":"DK","activeShowCount":0,"imminentShowCount":0,"liveStatusConfidence":null,"brightness":0.0}},{"type":"Feature","geometry":{"type":"Point","coordinates":[8.87316,54.9437]},"properties":{"id":"city-408","slug":"tnder","name":"T\u00f8nder","countryCode":"DK","activeShowCount":0,"imminentShowCount":0,"liveStatusConfidence":null,"brightness":0.0}},{"type":"Feature","geometry":{"type":"Point","coordinates":[11.26223,55.38156]},"properties":{"id":"city-409","slug":"slagelse","name":"Slagelse","countryCode":"DK","activeShowCount":0,"imminentShowCount":0,"liveStatusConfidence":null,"brightness":0.0}},{"type":"Feature","geometry":{"type":"Point","coordinates":[12.33213,55.59805]},"properties":{"id":"city-410","slug":"greve","name":"Greve","countryCode":"DK","activeShowCount":0,"imminentShowCount":0,"liveStatusConfidence":null,"brightness":0.0}},{"type":"Feature","geometry":{"type":"Point","coordinates":[4.31173,52.07852]},"properties":{"id":"city-412","slug":"den-haag","name":"Den Haag","countryCode":"NL","activeShowCount":0,"imminentShowCount":0,"liveStatusConfidence":null,"brightness":0.0}},{"type":"Feature","geometry":{"type":"Point","coordinates":[5.91031,51.97983]},"properties":{"id":"city-413","slug":"arnhem","name":"Arnhem","countryCode":"NL","activeShowCount":0,"imminentShowCount":0,"liveStatusConfidence":null,"brightness":0.0}},{"type":"Feature","geometry":{"type":"Point","coordinates":[5.17193,52.23783]},"properties":{"id":"city-414","slug":"hilversum","name":"Hilversum","countryCode":"NL","activeShowCount":0,"imminentShowCount":0,"liveStatusConfidence":null,"brightness":0.0}},{"type":"Feature","geometry":{"type":"Point","coordinates":[5.0946,51.55267]},"properties":{"id":"city-415","slug":"tilburg","name":"Tilburg","countryCode":"NL","activeShowCount":0,"imminentShowCount":0,"liveStatusConfidence":null,"brightness":0.0}},{"type":"Feature","geometry":{"type":"Point","coordinates":[6.55515,53.20287]},"properties":{"id":"city-416","slug":"groningen","name":"Groningen","countryCode":"NL","activeShowCount":0,"imminentShowCount":0,"liveStatusConfidence":null,"brightness":0.0}},{"type":"Feature","geometry":{"type":"Point","coordinates":[5.28999,51.7014]},"properties":{"id":"city-417","slug":"den-bosch","name":"Den Bosch","countryCode":"NL","activeShowCount":0,"imminentShowCount":0,"liveStatusConfidence":null,"brightness":0.0}},{"type":"Feature","geometry":{"type":"Point","coordinates":[144.97698,-37.866658]},"properties":{"id":"city-418","slug":"st-kilda","name":"St Kilda","countryCode":"AU","activeShowCount":0,"imminentShowCount":0,"liveStatusConfidence":null,"brightness":0.0}},{"type":"Feature","geometry":{"type":"Point","coordinates":[138.568989,-34.923168]},"properties":{"id":"city-419","slug":"torrensville","name":"Torrensville","countryCode":"AU","activeShowCount":0,"imminentShowCount":0,"liveStatusConfidence":null,"brightness":0.0}},{"type":"Feature","geometry":{"type":"Point","coordinates":[145.001038,-37.754791]},"properties":{"id":"city-420","slug":"thornbury","name":"Thornbury","countryCode":"AU","activeShowCount":0,"imminentShowCount":0,"liveStatusConfidence":null,"brightness":0.0}},{"type":"Feature","geometry":{"type":"Point","coordinates":[151.766622,-32.928624]},"properties":{"id":"city-421","slug":"newcastle-west","name":"Newcastle West","countryCode":"AU","activeShowCount":0,"imminentShowCount":0,"liveStatusConfidence":null,"brightness":0.0}},{"type":"Feature","geometry":{"type":"Point","coordinates":[115.750494,-32.054664]},"properties":{"id":"city-422","slug":"fremantle","name":"Fremantle","countryCode":"AU","activeShowCount":0,"imminentShowCount":0,"liveStatusConfidence":null,"brightness":0.0}},{"type":"Feature","geometry":{"type":"Point","coordinates":[153.041969,-27.452287]},"properties":{"id":"city-423","slug":"newstead","name":"Newstead","countryCode":"AU","activeShowCount":0,"imminentShowCount":0,"liveStatusConfidence":null,"brightness":0.0}},{"type":"Feature","geometry":{"type":"Point","coordinates":[144.951571,-37.825258]},"properties":{"id":"city-424","slug":"south-wharf","name":"South Wharf","countryCode":"AU","activeShowCount":0,"imminentShowCount":0,"liveStatusConfidence":null,"brightness":0.0}},{"type":"Feature","geometry":{"type":"Point","coordinates":[147.11336,-41.481664]},"properties":{"id":"city-425","slug":"prospect-vale","name":"Prospect Vale","countryCode":"AU","activeShowCount":0,"imminentShowCount":0,"liveStatusConfidence":null,"brightness":0.0}},{"type":"Feature","geometry":{"type":"Point","coordinates":[151.188164,-33.886691]},"properties":{"id":"city-426","slug":"camperdown","name":"Camperdown","countryCode":"AU","activeShowCount":0,"imminentShowCount":0,"liveStatusConfidence":null,"brightness":0.0}},{"type":"Feature","geometry":{"type":"Point","coordinates":[144.9496,-37.804569]},"properties":{"id":"city-427","slug":"north-melbourne","name":"North Melbourne","countryCode":"AU","activeShowCount":0,"imminentShowCount":0,"liveStatusConfidence":null,"brightness":0.0}},{"type":"Feature","geometry":{"type":"Point","coordinates":[115.784591,-31.952421]},"properties":{"id":"city-428","slug":"mt-claremont","name":"Mt Claremont","countryCode":"AU","activeShowCount":0,"imminentShowCount":0,"liveStatusConfidence":null,"brightness":0.0}},{"type":"Feature","geometry":{"type":"Point","coordinates":[151.195545,-33.868017]},"properties":{"id":"city-431","slug":"pyrmont","name":"Pyrmont","countryCode":"AU","activeShowCount":0,"imminentShowCount":0,"liveStatusConfidence":null,"brightness":0.0}},{"type":"Feature","geometry":{"type":"Point","coordinates":[151.243716,-33.828247]},"properties":{"id":"city-432","slug":"mossman","name":"Mossman","countryCode":"AU","activeShowCount":0,"imminentShowCount":0,"liveStatusConfidence":null,"brightness":0.0}},{"type":"Feature","geometry":{"type":"Point","coordinates":[150.753507,-33.597589]},"properties":{"id":"city-433","slug":"richmond","name":"Richmond","countryCode":"AU","activeShowCount":0,"imminentShowCount":0,"liveStatusConfidence":null,"brightness":0.0}},{"type":"Feature","geometry":{"type":"Point","coordinates":[144.985496,-37.803866]},"properties":{"id":"city-434","slug":"collingwood","name":"Collingwood","countryCode":"AU","activeShowCount":0,"imminentShowCount":0,"liveStatusConfidence":null,"brightness":0.0}},{"type":"Feature","geometry":{"type":"Point","coordinates":[150.922836,-34.314659]},"properties":{"id":"city-435","slug":"thirroul","name":"Thirroul","countryCode":"AU","activeShowCount":0,"imminentShowCount":0,"liveStatusConfidence":null,"brightness":0.0}},{"type":"Feature","geometry":{"type":"Point","coordinates":[147.330993,-42.899937]},"properties":{"id":"city-436","slug":"sandy-bay","name":"Sandy Bay","countryCode":"AU","activeShowCount":0,"imminentShowCount":0,"liveStatusConfidence":null,"brightness":0.0}},{"type":"Feature","geometry":{"type":"Point","coordinates":[151.165301,-33.905815]},"properties":{"id":"city-437","slug":"marrickville","name":"Marrickville","countryCode":"AU","activeShowCount":0,"imminentShowCount":0,"liveStatusConfidence":null,"brightness":0.0}},{"type":"Feature","geometry":{"type":"Point","coordinates":[27.800546,41.160033]},"properties":{"id":"city-438","slug":"tekirdag","name":"Tekirda\u011f","countryCode":"TR","activeShowCount":0,"imminentShowCount":0,"liveStatusConfidence":null,"brightness":0.0}},{"type":"Feature","geometry":{"type":"Point","coordinates":[30.525909,39.773134]},"properties":{"id":"city-439","slug":"eskisehir","name":"Eski\u015fehir","countryCode":"TR","activeShowCount":0,"imminentShowCount":0,"liveStatusConfidence":null,"brightness":0.0}},{"type":"Feature","geometry":{"type":"Point","coordinates":[32.48492,37.876235]},"properties":{"id":"city-440","slug":"konya","name":"Konya","countryCode":"TR","activeShowCount":0,"imminentShowCount":0,"liveStatusConfidence":null,"brightness":0.0}},{"type":"Feature","geometry":{"type":"Point","coordinates":[37.877295,40.986828]},"properties":{"id":"city-441","slug":"ordu","name":"Ordu","countryCode":"TR","activeShowCount":0,"imminentShowCount":0,"liveStatusConfidence":null,"brightness":0.0}},{"type":"Feature","geometry":{"type":"Point","coordinates":[28.984566,40.228159]},"properties":{"id":"city-442","slug":"bursa","name":"Bursa","countryCode":"TR","activeShowCount":0,"imminentShowCount":0,"liveStatusConfidence":null,"brightness":0.0}},{"type":"Feature","geometry":{"type":"Point","coordinates":[32.759674,39.906142]},"properties":{"id":"city-443","slug":"ankara","name":"Ankara","countryCode":"TR","activeShowCount":0,"imminentShowCount":0,"liveStatusConfidence":null,"brightness":0.0}},{"type":"Feature","geometry":{"type":"Point","coordinates":[33.997506,38.380365]},"properties":{"id":"city-444","slug":"aksaray","name":"Aksaray","countryCode":"TR","activeShowCount":0,"imminentShowCount":0,"liveStatusConfidence":null,"brightness":0.0}},{"type":"Feature","geometry":{"type":"Point","coordinates":[27.890948,36.986516]},"properties":{"id":"city-445","slug":"mugla","name":"Mu\u011fla","countryCode":"TR","activeShowCount":0,"imminentShowCount":0,"liveStatusConfidence":null,"brightness":0.0}},{"type":"Feature","geometry":{"type":"Point","coordinates":[36.283386,41.328814]},"properties":{"id":"city-446","slug":"samsun","name":"Samsun","countryCode":"TR","activeShowCount":0,"imminentShowCount":0,"liveStatusConfidence":null,"brightness":0.0}},{"type":"Feature","geometry":{"type":"Point","coordinates":[34.70469,38.618198]},"properties":{"id":"city-447","slug":"nevsehir","name":"Nev\u015fehir","countryCode":"TR","activeShowCount":0,"imminentShowCount":0,"liveStatusConfidence":null,"brightness":0.0}},{"type":"Feature","geometry":{"type":"Point","coordinates":[33.233065,37.169767]},"properties":{"id":"city-448","slug":"karaman","name":"Karaman","countryCode":"TR","activeShowCount":0,"imminentShowCount":0,"liveStatusConfidence":null,"brightness":0.0}},{"type":"Feature","geometry":{"type":"Point","coordinates":[34.468184,36.716242]},"properties":{"id":"city-449","slug":"mersin","name":"Mersin","countryCode":"TR","activeShowCount":0,"imminentShowCount":0,"liveStatusConfidence":null,"brightness":0.0}},{"type":"Feature","geometry":{"type":"Point","coordinates":[35.314784,36.993052]},"properties":{"id":"city-450","slug":"adana","name":"Adana","countryCode":"TR","activeShowCount":0,"imminentShowCount":0,"liveStatusConfidence":null,"brightness":0.0}},{"type":"Feature","geometry":{"type":"Point","coordinates":[30.033662,39.39481]},"properties":{"id":"city-451","slug":"kutahya","name":"K\u00fctahya","countryCode":"TR","activeShowCount":0,"imminentShowCount":0,"liveStatusConfidence":null,"brightness":0.0}},{"type":"Feature","geometry":{"type":"Point","coordinates":[30.548407,37.764788]},"properties":{"id":"city-452","slug":"isparta","name":"Isparta","countryCode":"TR","activeShowCount":0,"imminentShowCount":0,"liveStatusConfidence":null,"brightness":0.0}},{"type":"Feature","geometry":{"type":"Point","coordinates":[30.827901,36.841775]},"properties":{"id":"city-453","slug":"antalya","name":"Antalya","countryCode":"TR","activeShowCount":0,"imminentShowCount":0,"liveStatusConfidence":null,"brightness":0.0}},{"type":"Feature","geometry":{"type":"Point","coordinates":[29.084433,37.778893]},"properties":{"id":"city-454","slug":"denizli","name":"Denizli","countryCode":"TR","activeShowCount":0,"imminentShowCount":0,"liveStatusConfidence":null,"brightness":0.0}},{"type":"Feature","geometry":{"type":"Point","coordinates":[27.103398,38.437311]},"properties":{"id":"city-455","slug":"izmir","name":"\u0130zmir","countryCode":"TR","activeShowCount":0,"imminentShowCount":0,"liveStatusConfidence":null,"brightness":0.0}},{"type":"Feature","geometry":{"type":"Point","coordinates":[29.705224,40.78367]},"properties":{"id":"city-456","slug":"kocaeli","name":"Kocaeli","countryCode":"TR","activeShowCount":0,"imminentShowCount":0,"liveStatusConfidence":null,"brightness":0.0}},{"type":"Feature","geometry":{"type":"Point","coordinates":[27.492809,39.97308]},"properties":{"id":"city-457","slug":"balkesir","name":"Bal\u0131kesir","countryCode":"TR","activeShowCount":0,"imminentShowCount":0,"liveStatusConfidence":null,"brightness":0.0}},{"type":"Feature","geometry":{"type":"Point","coordinates":[28.000278,37.864009]},"properties":{"id":"city-458","slug":"aydn","name":"Ayd\u0131n","countryCode":"TR","activeShowCount":0,"imminentShowCount":0,"liveStatusConfidence":null,"brightness":0.0}},{"type":"Feature","geometry":{"type":"Point","coordinates":[31.609013,40.739654]},"properties":{"id":"city-459","slug":"bolu","name":"Bolu","countryCode":"TR","activeShowCount":0,"imminentShowCount":0,"liveStatusConfidence":null,"brightness":0.0}},{"type":"Feature","geometry":{"type":"Point","coordinates":[35.715841,40.733238]},"properties":{"id":"city-460","slug":"amasya","name":"Amasya","countryCode":"TR","activeShowCount":0,"imminentShowCount":0,"liveStatusConfidence":null,"brightness":0.0}},{"type":"Feature","geometry":{"type":"Point","coordinates":[38.784068,37.153799]},"properties":{"id":"city-461","slug":"sanlurfa","name":"\u015eanl\u0131urfa","countryCode":"TR","activeShowCount":0,"imminentShowCount":0,"liveStatusConfidence":null,"brightness":0.0}},{"type":"Feature","geometry":{"type":"Point","coordinates":[32.674455,41.259436]},"properties":{"id":"city-462","slug":"karabuk","name":"Karab\u00fck","countryCode":"TR","activeShowCount":0,"imminentShowCount":0,"liveStatusConfidence":null,"brightness":0.0}},{"type":"Feature","geometry":{"type":"Point","coordinates":[35.570558,36.894459]},"properties":{"id":"city-463","slug":"gaziantep","name":"Gaziantep","countryCode":"TR","activeShowCount":0,"imminentShowCount":0,"liveStatusConfidence":null,"brightness":0.0}},{"type":"Feature","geometry":{"type":"Point","coordinates":[35.136677,42.023765]},"properties":{"id":"city-464","slug":"sinop","name":"Sinop","countryCode":"TR","activeShowCount":0,"imminentShowCount":0,"liveStatusConfidence":null,"brightness":0.0}},{"type":"Feature","geometry":{"type":"Point","coordinates":[40.270072,37.920051]},"properties":{"id":"city-465","slug":"diyarbakr","name":"Diyarbak\u0131r","countryCode":"TR","activeShowCount":0,"imminentShowCount":0,"liveStatusConfidence":null,"brightness":0.0}},{"type":"Feature","geometry":{"type":"Point","coordinates":[40.696069,37.336655]},"properties":{"id":"city-466","slug":"mardin","name":"Mardin","countryCode":"TR","activeShowCount":0,"imminentShowCount":0,"liveStatusConfidence":null,"brightness":0.0}},{"type":"Feature","geometry":{"type":"Point","coordinates":[31.694483,41.411293]},"properties":{"id":"city-467","slug":"zonguldak","name":"Zonguldak","countryCode":"TR","activeShowCount":0,"imminentShowCount":0,"liveStatusConfidence":null,"brightness":0.0}},{"type":"Feature","geometry":{"type":"Point","coordinates":[34.679493,37.965689]},"properties":{"id":"city-468","slug":"nigde","name":"Ni\u011fde","countryCode":"TR","activeShowCount":0,"imminentShowCount":0,"liveStatusConfidence":null,"brightness":0.0}},{"type":"Feature","geometry":{"type":"Point","coordinates":[30.300454,40.851013]},"properties":{"id":"city-469","slug":"sakarya","name":"Sakarya","countryCode":"TR","activeShowCount":0,"imminentShowCount":0,"liveStatusConfidence":null,"brightness":0.0}},{"type":"Feature","geometry":{"type":"Point","coordinates":[34.964249,40.555096]},"properties":{"id":"city-470","slug":"corum","name":"\u00c7orum","countryCode":"TR","activeShowCount":0,"imminentShowCount":0,"liveStatusConfidence":null,"brightness":0.0}},{"type":"Feature","geometry":{"type":"Point","coordinates":[27.39001,38.629747]},"properties":{"id":"city-471","slug":"manisa","name":"Manisa","countryCode":"TR","activeShowCount":0,"imminentShowCount":0,"liveStatusConfidence":null,"brightness":0.0}},{"type":"Feature","geometry":{"type":"Point","coordinates":[36.138853,36.56185]},"properties":{"id":"city-472","slug":"hatay","name":"Hatay","countryCode":"TR","activeShowCount":0,"imminentShowCount":0,"liveStatusConfidence":null,"brightness":0.0}},{"type":"Feature","geometry":{"type":"Point","coordinates":[29.400915,38.668639]},"properties":{"id":"city-473","slug":"usak","name":"U\u015fak","countryCode":"TR","activeShowCount":0,"imminentShowCount":0,"liveStatusConfidence":null,"brightness":0.0}},{"type":"Feature","geometry":{"type":"Point","coordinates":[26.573339,41.673755]},"properties":{"id":"city-474","slug":"edirne","name":"Edirne","countryCode":"TR","activeShowCount":0,"imminentShowCount":0,"liveStatusConfidence":null,"brightness":0.0}},{"type":"Feature","geometry":{"type":"Point","coordinates":[4.44176,51.23024]},"properties":{"id":"city-475","slug":"merksem-antwerpen","name":"Merksem (Antwerpen)","countryCode":"BE","activeShowCount":0,"imminentShowCount":0,"liveStatusConfidence":null,"brightness":0.0}},{"type":"Feature","geometry":{"type":"Point","coordinates":[4.42728,50.81711]},"properties":{"id":"city-476","slug":"oudergem","name":"Oudergem","countryCode":"BE","activeShowCount":0,"imminentShowCount":0,"liveStatusConfidence":null,"brightness":0.0}},{"type":"Feature","geometry":{"type":"Point","coordinates":[3.95193,50.45429]},"properties":{"id":"city-477","slug":"mons","name":"Mons","countryCode":"BE","activeShowCount":0,"imminentShowCount":0,"liveStatusConfidence":null,"brightness":0.0}},{"type":"Feature","geometry":{"type":"Point","coordinates":[4.40989,51.21579]},"properties":{"id":"city-478","slug":"antwerp","name":"Antwerp","countryCode":"BE","activeShowCount":0,"imminentShowCount":0,"liveStatusConfidence":null,"brightness":0.0}},{"type":"Feature","geometry":{"type":"Point","coordinates":[4.18585,50.47906]},"properties":{"id":"city-479","slug":"la-louviere","name":"La Louvi\u00e8re","countryCode":"BE","activeShowCount":0,"imminentShowCount":0,"liveStatusConfidence":null,"brightness":0.0}},{"type":"Feature","geometry":{"type":"Point","coordinates":[4.6106,50.66899]},"properties":{"id":"city-480","slug":"louvain-la-neuve","name":"Louvain-la-Neuve","countryCode":"BE","activeShowCount":0,"imminentShowCount":0,"liveStatusConfidence":null,"brightness":0.0}},{"type":"Feature","geometry":{"type":"Point","coordinates":[4.72361,50.9555]},"properties":{"id":"city-481","slug":"rotselaar","name":"Rotselaar","countryCode":"BE","activeShowCount":0,"imminentShowCount":0,"liveStatusConfidence":null,"brightness":0.0}},{"type":"Feature","geometry":{"type":"Point","coordinates":[5.36207,50.93311]},"properties":{"id":"city-482","slug":"hasselt","name":"Hasselt","countryCode":"BE","activeShowCount":0,"imminentShowCount":0,"liveStatusConfidence":null,"brightness":0.0}},{"type":"Feature","geometry":{"type":"Point","coordinates":[3.73222,51.04811]},"properties":{"id":"city-483","slug":"ghent","name":"Ghent","countryCode":"BE","activeShowCount":0,"imminentShowCount":0,"liveStatusConfidence":null,"brightness":0.0}},{"type":"Feature","geometry":{"type":"Point","coordinates":[5.33696,50.24367]},"properties":{"id":"city-484","slug":"marche-en-famenne","name":"Marche-en-Famenne","countryCode":"BE","activeShowCount":0,"imminentShowCount":0,"liveStatusConfidence":null,"brightness":0.0}},{"type":"Feature","geometry":{"type":"Point","coordinates":[5.86611,50.49135]},"properties":{"id":"city-485","slug":"spa","name":"Spa","countryCode":"BE","activeShowCount":0,"imminentShowCount":0,"liveStatusConfidence":null,"brightness":0.0}},{"type":"Feature","geometry":{"type":"Point","coordinates":[4.98658,50.70067]},"properties":{"id":"city-486","slug":"orp-jauche","name":"Orp-Jauche","countryCode":"BE","activeShowCount":0,"imminentShowCount":0,"liveStatusConfidence":null,"brightness":0.0}},{"type":"Feature","geometry":{"type":"Point","coordinates":[4.44725,50.42497]},"properties":{"id":"city-487","slug":"charleroi","name":"Charleroi","countryCode":"BE","activeShowCount":0,"imminentShowCount":0,"liveStatusConfidence":null,"brightness":0.0}},{"type":"Feature","geometry":{"type":"Point","coordinates":[4.60249,50.71425]},"properties":{"id":"city-488","slug":"wavre","name":"Wavre","countryCode":"BE","activeShowCount":0,"imminentShowCount":0,"liveStatusConfidence":null,"brightness":0.0}},{"type":"Feature","geometry":{"type":"Point","coordinates":[4.32601,50.80999]},"properties":{"id":"city-489","slug":"forest-brussels","name":"Forest (Brussels)","countryCode":"BE","activeShowCount":0,"imminentShowCount":0,"liveStatusConfidence":null,"brightness":0.0}},{"type":"Feature","geometry":{"type":"Point","coordinates":[0.19035,48.00641]},"properties":{"id":"city-490","slug":"malmedy","name":"Malmedy","countryCode":"BE","activeShowCount":0,"imminentShowCount":0,"liveStatusConfidence":null,"brightness":0.0}},{"type":"Feature","geometry":{"type":"Point","coordinates":[5.72384,50.00614]},"properties":{"id":"city-491","slug":"bastogne","name":"Bastogne","countryCode":"BE","activeShowCount":0,"imminentShowCount":0,"liveStatusConfidence":null,"brightness":0.0}},{"type":"Feature","geometry":{"type":"Point","coordinates":[4.42711,50.83683]},"properties":{"id":"city-493","slug":"woluwe-saint-pierre","name":"Woluwe-Saint-Pierre","countryCode":"BE","activeShowCount":0,"imminentShowCount":0,"liveStatusConfidence":null,"brightness":0.0}},{"type":"Feature","geometry":{"type":"Point","coordinates":[3.21073,50.74508]},"properties":{"id":"city-494","slug":"mouscron","name":"Mouscron","countryCode":"BE","activeShowCount":0,"imminentShowCount":0,"liveStatusConfidence":null,"brightness":0.0}},{"type":"Feature","geometry":{"type":"Point","coordinates":[3.7773,50.63124]},"properties":{"id":"city-495","slug":"ath","name":"Ath","countryCode":"BE","activeShowCount":0,"imminentShowCount":0,"liveStatusConfidence":null,"brightness":0.0}},{"type":"Feature","geometry":{"type":"Point","coordinates":[4.37195,50.03052]},"properties":{"id":"city-496","slug":"baileux","name":"Baileux","countryCode":"BE","activeShowCount":0,"imminentShowCount":0,"liveStatusConfidence":null,"brightness":0.0}},{"type":"Feature","geometry":{"type":"Point","coordinates":[-8.626444,52.641679]},"properties":{"id":"city-497","slug":"limerick","name":"Limerick","countryCode":"IE","activeShowCount":0,"imminentShowCount":0,"liveStatusConfidence":null,"brightness":0.0}},{"type":"Feature","geometry":{"type":"Point","coordinates":[-6.900153,52.253356]},"properties":{"id":"city-499","slug":"wexford","name":"Wexford","countryCode":"IE","activeShowCount":0,"imminentShowCount":0,"liveStatusConfidence":null,"brightness":0.0}},{"type":"Feature","geometry":{"type":"Point","coordinates":[-7.988221,54.284725]},"properties":{"id":"city-500","slug":"glenfarne","name":"Glenfarne","countryCode":"IE","activeShowCount":0,"imminentShowCount":0,"liveStatusConfidence":null,"brightness":0.0}},{"type":"Feature","geometry":{"type":"Point","coordinates":[-8.199,53.182999]},"properties":{"id":"city-501","slug":"castletown-geoghegan","name":"Castletown Geoghegan","countryCode":"IE","activeShowCount":0,"imminentShowCount":0,"liveStatusConfidence":null,"brightness":0.0}},{"type":"Feature","geometry":{"type":"Point","coordinates":[-6.995115,52.151213]},"properties":{"id":"city-502","slug":"waterford","name":"Waterford","countryCode":"IE","activeShowCount":0,"imminentShowCount":0,"liveStatusConfidence":null,"brightness":0.0}},{"type":"Feature","geometry":{"type":"Point","coordinates":[-7.29747,53.034439]},"properties":{"id":"city-503","slug":"portlaoise","name":"Portlaoise","countryCode":"IE","activeShowCount":0,"imminentShowCount":0,"liveStatusConfidence":null,"brightness":0.0}},{"type":"Feature","geometry":{"type":"Point","coordinates":[-7.738562,52.356497]},"properties":{"id":"city-504","slug":"clonmel","name":"Clonmel","countryCode":"IE","activeShowCount":0,"imminentShowCount":0,"liveStatusConfidence":null,"brightness":0.0}},{"type":"Feature","geometry":{"type":"Point","coordinates":[-9.11145,52.611914]},"properties":{"id":"city-505","slug":"foynes","name":"Foynes","countryCode":"IE","activeShowCount":0,"imminentShowCount":0,"liveStatusConfidence":null,"brightness":0.0}},{"type":"Feature","geometry":{"type":"Point","coordinates":[-6.10505,53.27791]},"properties":{"id":"city-506","slug":"dalkey","name":"Dalkey","countryCode":"IE","activeShowCount":0,"imminentShowCount":0,"liveStatusConfidence":null,"brightness":0.0}},{"type":"Feature","geometry":{"type":"Point","coordinates":[-6.258377,53.637946]},"properties":{"id":"city-507","slug":"meath","name":"Meath","countryCode":"IE","activeShowCount":0,"imminentShowCount":0,"liveStatusConfidence":null,"brightness":0.0}},{"type":"Feature","geometry":{"type":"Point","coordinates":[-9.173898,52.397103]},"properties":{"id":"city-508","slug":"co-limerick","name":"Co.Limerick","countryCode":"IE","activeShowCount":0,"imminentShowCount":0,"liveStatusConfidence":null,"brightness":0.0}},{"type":"Feature","geometry":{"type":"Point","coordinates":[-6.347974,53.716086]},"properties":{"id":"city-509","slug":"drogheda","name":"Drogheda","countryCode":"IE","activeShowCount":0,"imminentShowCount":0,"liveStatusConfidence":null,"brightness":0.0}},{"type":"Feature","geometry":{"type":"Point","coordinates":[-7.848137,52.145172]},"properties":{"id":"city-510","slug":"clifden","name":"Clifden","countryCode":"IE","activeShowCount":0,"imminentShowCount":0,"liveStatusConfidence":null,"brightness":0.0}},{"type":"Feature","geometry":{"type":"Point","coordinates":[-8.761502,53.30044]},"properties":{"id":"city-511","slug":"athenry","name":"Athenry","countryCode":"IE","activeShowCount":0,"imminentShowCount":0,"liveStatusConfidence":null,"brightness":0.0}},{"type":"Feature","geometry":{"type":"Point","coordinates":[-6.670164,53.213209]},"properties":{"id":"city-513","slug":"naas","name":"Naas","countryCode":"IE","activeShowCount":0,"imminentShowCount":0,"liveStatusConfidence":null,"brightness":0.0}},{"type":"Feature","geometry":{"type":"Point","coordinates":[-6.405957,53.997945]},"properties":{"id":"city-514","slug":"dundalk","name":"Dundalk","countryCode":"IE","activeShowCount":0,"imminentShowCount":0,"liveStatusConfidence":null,"brightness":0.0}},{"type":"Feature","geometry":{"type":"Point","coordinates":[-6.18705,54.04063]},"properties":{"id":"city-515","slug":"carlingford","name":"Carlingford","countryCode":"IE","activeShowCount":0,"imminentShowCount":0,"liveStatusConfidence":null,"brightness":0.0}},{"type":"Feature","geometry":{"type":"Point","coordinates":[-9.458753,51.680173]},"properties":{"id":"city-516","slug":"bantry","name":"Bantry","countryCode":"IE","activeShowCount":0,"imminentShowCount":0,"liveStatusConfidence":null,"brightness":0.0}},{"type":"Feature","geometry":{"type":"Point","coordinates":[-6.929423,52.841389]},"properties":{"id":"city-517","slug":"carlow","name":"Carlow","countryCode":"IE","activeShowCount":0,"imminentShowCount":0,"liveStatusConfidence":null,"brightness":0.0}},{"type":"Feature","geometry":{"type":"Point","coordinates":[-9.987239,54.222559]},"properties":{"id":"city-518","slug":"mayo","name":"Mayo","countryCode":"IE","activeShowCount":0,"imminentShowCount":0,"liveStatusConfidence":null,"brightness":0.0}},{"type":"Feature","geometry":{"type":"Point","coordinates":[-7.32286,53.987764]},"properties":{"id":"city-519","slug":"co-cavan","name":"Co.Cavan","countryCode":"IE","activeShowCount":0,"imminentShowCount":0,"liveStatusConfidence":null,"brightness":0.0}},{"type":"Feature","geometry":{"type":"Point","coordinates":[-6.29376,52.677068]},"properties":{"id":"city-520","slug":"gorey","name":"Gorey","countryCode":"IE","activeShowCount":0,"imminentShowCount":0,"liveStatusConfidence":null,"brightness":0.0}},{"type":"Feature","geometry":{"type":"Point","coordinates":[-101.254709,21.015923]},"properties":{"id":"city-521","slug":"guanajuato","name":"Guanajuato","countryCode":"MX","activeShowCount":0,"imminentShowCount":0,"liveStatusConfidence":null,"brightness":0.0}},{"type":"Feature","geometry":{"type":"Point","coordinates":[-103.392965,20.689692]},"properties":{"id":"city-522","slug":"zapopan","name":"Zapopan","countryCode":"MX","activeShowCount":0,"imminentShowCount":0,"liveStatusConfidence":null,"brightness":0.0}},{"type":"Feature","geometry":{"type":"Point","coordinates":[-100.316726,25.666135]},"properties":{"id":"city-523","slug":"monterrey","name":"Monterrey","countryCode":"MX","activeShowCount":0,"imminentShowCount":0,"liveStatusConfidence":null,"brightness":0.0}},{"type":"Feature","geometry":{"type":"Point","coordinates":[-85.696126,42.111641]},"properties":{"id":"city-524","slug":"hamilton","name":"Hamilton","countryCode":"CA","activeShowCount":0,"imminentShowCount":0,"liveStatusConfidence":null,"brightness":0.0}},{"type":"Feature","geometry":{"type":"Point","coordinates":[-75.755817,45.349675]},"properties":{"id":"city-525","slug":"nepean","name":"Nepean","countryCode":"CA","activeShowCount":0,"imminentShowCount":0,"liveStatusConfidence":null,"brightness":0.0}},{"type":"Feature","geometry":{"type":"Point","coordinates":[-73.439825,45.442254]},"properties":{"id":"city-526","slug":"brossard","name":"Brossard","countryCode":"CA","activeShowCount":0,"imminentShowCount":0,"liveStatusConfidence":null,"brightness":0.0}},{"type":"Feature","geometry":{"type":"Point","coordinates":[-79.645649,43.589621]},"properties":{"id":"city-527","slug":"mississauga","name":"Mississauga","countryCode":"CA","activeShowCount":0,"imminentShowCount":0,"liveStatusConfidence":null,"brightness":0.0}},{"type":"Feature","geometry":{"type":"Point","coordinates":[-89.24411,48.422127]},"properties":{"id":"city-528","slug":"thunder-bay","name":"Thunder Bay","countryCode":"CA","activeShowCount":0,"imminentShowCount":0,"liveStatusConfidence":null,"brightness":0.0}},{"type":"Feature","geometry":{"type":"Point","coordinates":[-80.489675,43.450127]},"properties":{"id":"city-529","slug":"kitchener","name":"Kitchener","countryCode":"CA","activeShowCount":0,"imminentShowCount":0,"liveStatusConfidence":null,"brightness":0.0}},{"type":"Feature","geometry":{"type":"Point","coordinates":[-78.318027,44.295546]},"properties":{"id":"city-530","slug":"peterborough","name":"Peterborough","countryCode":"CA","activeShowCount":0,"imminentShowCount":0,"liveStatusConfidence":null,"brightness":0.0}},{"type":"Feature","geometry":{"type":"Point","coordinates":[-79.054,43.84332]},"properties":{"id":"city-531","slug":"pickering","name":"Pickering","countryCode":"CA","activeShowCount":0,"imminentShowCount":0,"liveStatusConfidence":null,"brightness":0.0}},{"type":"Feature","geometry":{"type":"Point","coordinates":[-76.479607,44.233124]},"properties":{"id":"city-532","slug":"kingston","name":"Kingston","countryCode":"CA","activeShowCount":0,"imminentShowCount":0,"liveStatusConfidence":null,"brightness":0.0}},{"type":"Feature","geometry":{"type":"Point","coordinates":[-73.983988,40.725933]},"properties":{"id":"city-533","slug":"waterloo","name":"Waterloo","countryCode":"CA","activeShowCount":0,"imminentShowCount":0,"liveStatusConfidence":null,"brightness":0.0}},{"type":"Feature","geometry":{"type":"Point","coordinates":[-79.081691,43.082552]},"properties":{"id":"city-534","slug":"niagara-falls","name":"Niagara Falls","countryCode":"CA","activeShowCount":0,"imminentShowCount":0,"liveStatusConfidence":null,"brightness":0.0}},{"type":"Feature","geometry":{"type":"Point","coordinates":[-73.50177,45.404405]},"properties":{"id":"city-535","slug":"la-prairie","name":"La Prairie","countryCode":"CA","activeShowCount":0,"imminentShowCount":0,"liveStatusConfidence":null,"brightness":0.0}},{"type":"Feature","geometry":{"type":"Point","coordinates":[-99.962389,49.831588]},"properties":{"id":"city-536","slug":"brandon","name":"Brandon","countryCode":"CA","activeShowCount":0,"imminentShowCount":0,"liveStatusConfidence":null,"brightness":0.0}},{"type":"Feature","geometry":{"type":"Point","coordinates":[-66.06446,45.27677]},"properties":{"id":"city-537","slug":"saint-john","name":"Saint John","countryCode":"CA","activeShowCount":0,"imminentShowCount":0,"liveStatusConfidence":null,"brightness":0.0}},{"type":"Feature","geometry":{"type":"Point","coordinates":[-64.831967,46.106972]},"properties":{"id":"city-538","slug":"moncton","name":"Moncton","countryCode":"CA","activeShowCount":0,"imminentShowCount":0,"liveStatusConfidence":null,"brightness":0.0}},{"type":"Feature","geometry":{"type":"Point","coordinates":[-79.351832,44.626846]},"properties":{"id":"city-539","slug":"rama","name":"Rama","countryCode":"CA","activeShowCount":0,"imminentShowCount":0,"liveStatusConfidence":null,"brightness":0.0}},{"type":"Feature","geometry":{"type":"Point","coordinates":[-75.725402,45.446179]},"properties":{"id":"city-540","slug":"gatineau","name":"GATINEAU","countryCode":"CA","activeShowCount":0,"imminentShowCount":0,"liveStatusConfidence":null,"brightness":0.0}},{"type":"Feature","geometry":{"type":"Point","coordinates":[-71.214215,46.813254]},"properties":{"id":"city-541","slug":"quebec","name":"Quebec","countryCode":"CA","activeShowCount":0,"imminentShowCount":0,"liveStatusConfidence":null,"brightness":0.0}},{"type":"Feature","geometry":{"type":"Point","coordinates":[8.42978,49.00617]},"properties":{"id":"city-544","slug":"karlsruhe","name":"Karlsruhe","countryCode":"DE","activeShowCount":0,"imminentShowCount":0,"liveStatusConfidence":null,"brightness":0.0}},{"type":"Feature","geometry":{"type":"Point","coordinates":[12.905785,50.82946]},"properties":{"id":"city-545","slug":"chemnitz","name":"Chemnitz","countryCode":"DE","activeShowCount":0,"imminentShowCount":0,"liveStatusConfidence":null,"brightness":0.0}},{"type":"Feature","geometry":{"type":"Point","coordinates":[12.375554,51.338082]},"properties":{"id":"city-546","slug":"leipzig","name":"Leipzig","countryCode":"DE","activeShowCount":0,"imminentShowCount":0,"liveStatusConfidence":null,"brightness":0.0}},{"type":"Feature","geometry":{"type":"Point","coordinates":[6.645976,49.758564]},"properties":{"id":"city-547","slug":"trier","name":"Trier","countryCode":"DE","activeShowCount":0,"imminentShowCount":0,"liveStatusConfidence":null,"brightness":0.0}},{"type":"Feature","geometry":{"type":"Point","coordinates":[8.70975,49.41174]},"properties":{"id":"city-548","slug":"heidelberg","name":"Heidelberg","countryCode":"DE","activeShowCount":0,"imminentShowCount":0,"liveStatusConfidence":null,"brightness":0.0}},{"type":"Feature","geometry":{"type":"Point","coordinates":[10.512205,52.26572]},"properties":{"id":"city-550","slug":"braunschweig","name":"Braunschweig","countryCode":"DE","activeShowCount":0,"imminentShowCount":0,"liveStatusConfidence":null,"brightness":0.0}},{"type":"Feature","geometry":{"type":"Point","coordinates":[8.464073,49.503173]},"properties":{"id":"city-551","slug":"mannheim","name":"Mannheim","countryCode":"DE","activeShowCount":0,"imminentShowCount":0,"liveStatusConfidence":null,"brightness":0.0}},{"type":"Feature","geometry":{"type":"Point","coordinates":[6.09397,51.06215]},"properties":{"id":"city-552","slug":"heinsberg","name":"Heinsberg","countryCode":"DE","activeShowCount":0,"imminentShowCount":0,"liveStatusConfidence":null,"brightness":0.0}},{"type":"Feature","geometry":{"type":"Point","coordinates":[12.12052,54.08903]},"properties":{"id":"city-554","slug":"rostock","name":"Rostock","countryCode":"DE","activeShowCount":0,"imminentShowCount":0,"liveStatusConfidence":null,"brightness":0.0}},{"type":"Feature","geometry":{"type":"Point","coordinates":[7.09875,50.73763]},"properties":{"id":"city-556","slug":"bonn","name":"Bonn","countryCode":"DE","activeShowCount":0,"imminentShowCount":0,"liveStatusConfidence":null,"brightness":0.0}},{"type":"Feature","geometry":{"type":"Point","coordinates":[7.000565,49.228565]},"properties":{"id":"city-557","slug":"saarbrucken","name":"Saarbr\u00fccken","countryCode":"DE","activeShowCount":0,"imminentShowCount":0,"liveStatusConfidence":null,"brightness":0.0}},{"type":"Feature","geometry":{"type":"Point","coordinates":[6.758513,51.22201]},"properties":{"id":"city-558","slug":"dusseldorf","name":"D\u00fcsseldorf","countryCode":"DE","activeShowCount":0,"imminentShowCount":0,"liveStatusConfidence":null,"brightness":0.0}},{"type":"Feature","geometry":{"type":"Point","coordinates":[10.11172,54.33272]},"properties":{"id":"city-560","slug":"kiel","name":"Kiel","countryCode":"DE","activeShowCount":0,"imminentShowCount":0,"liveStatusConfidence":null,"brightness":0.0}},{"type":"Feature","geometry":{"type":"Point","coordinates":[8.597585,50.104665]},"properties":{"id":"city-561","slug":"frankfurt-am-main","name":"Frankfurt am Main","countryCode":"DE","activeShowCount":0,"imminentShowCount":0,"liveStatusConfidence":null,"brightness":0.0}},{"type":"Feature","geometry":{"type":"Point","coordinates":[6.47368,51.19877]},"properties":{"id":"city-562","slug":"monchengladbach","name":"M\u00f6nchengladbach","countryCode":"DE","activeShowCount":0,"imminentShowCount":0,"liveStatusConfidence":null,"brightness":0.0}},{"type":"Feature","geometry":{"type":"Point","coordinates":[11.10079,49.442815]},"properties":{"id":"city-563","slug":"nurnberg","name":"N\u00fcrnberg","countryCode":"DE","activeShowCount":0,"imminentShowCount":0,"liveStatusConfidence":null,"brightness":0.0}},{"type":"Feature","geometry":{"type":"Point","coordinates":[8.80936,53.08102]},"properties":{"id":"city-564","slug":"bremen","name":"Bremen","countryCode":"DE","activeShowCount":0,"imminentShowCount":0,"liveStatusConfidence":null,"brightness":0.0}},{"type":"Feature","geometry":{"type":"Point","coordinates":[6.77362,51.44847]},"properties":{"id":"city-565","slug":"duisburg","name":"Duisburg","countryCode":"DE","activeShowCount":0,"imminentShowCount":0,"liveStatusConfidence":null,"brightness":0.0}},{"type":"Feature","geometry":{"type":"Point","coordinates":[9.18814,48.89561]},"properties":{"id":"city-566","slug":"ludwigsburg","name":"Ludwigsburg","countryCode":"DE","activeShowCount":0,"imminentShowCount":0,"liveStatusConfidence":null,"brightness":0.0}},{"type":"Feature","geometry":{"type":"Point","coordinates":[6.091257,50.772613]},"properties":{"id":"city-569","slug":"aachen","name":"Aachen","countryCode":"DE","activeShowCount":0,"imminentShowCount":0,"liveStatusConfidence":null,"brightness":0.0}},{"type":"Feature","geometry":{"type":"Point","coordinates":[8.75634,50.10941]},"properties":{"id":"city-571","slug":"offenbach-am-main","name":"Offenbach am Main","countryCode":"DE","activeShowCount":0,"imminentShowCount":0,"liveStatusConfidence":null,"brightness":0.0}},{"type":"Feature","geometry":{"type":"Point","coordinates":[9.44061,54.77464]},"properties":{"id":"city-572","slug":"flensburg","name":"Flensburg","countryCode":"DE","activeShowCount":0,"imminentShowCount":0,"liveStatusConfidence":null,"brightness":0.0}},{"type":"Feature","geometry":{"type":"Point","coordinates":[9.44586,47.66568]},"properties":{"id":"city-573","slug":"friedrichshafen","name":"Friedrichshafen","countryCode":"DE","activeShowCount":0,"imminentShowCount":0,"liveStatusConfidence":null,"brightness":0.0}},{"type":"Feature","geometry":{"type":"Point","coordinates":[7.00336,51.451395]},"properties":{"id":"city-575","slug":"essen","name":"Essen","countryCode":"DE","activeShowCount":0,"imminentShowCount":0,"liveStatusConfidence":null,"brightness":0.0}},{"type":"Feature","geometry":{"type":"Point","coordinates":[6.52255,49.97404]},"properties":{"id":"city-576","slug":"bitburg","name":"Bitburg","countryCode":"DE","activeShowCount":0,"imminentShowCount":0,"liveStatusConfidence":null,"brightness":0.0}},{"type":"Feature","geometry":{"type":"Point","coordinates":[7.78396,49.44802]},"properties":{"id":"city-580","slug":"kaiserslautern","name":"Kaiserslautern","countryCode":"DE","activeShowCount":0,"imminentShowCount":0,"liveStatusConfidence":null,"brightness":0.0}},{"type":"Feature","geometry":{"type":"Point","coordinates":[10.40377,53.24739]},"properties":{"id":"city-581","slug":"luneburg","name":"L\u00fcneburg","countryCode":"DE","activeShowCount":0,"imminentShowCount":0,"liveStatusConfidence":null,"brightness":0.0}},{"type":"Feature","geometry":{"type":"Point","coordinates":[7.00621,51.07125]},"properties":{"id":"city-584","slug":"leverkusen","name":"Leverkusen","countryCode":"DE","activeShowCount":0,"imminentShowCount":0,"liveStatusConfidence":null,"brightness":0.0}},{"type":"Feature","geometry":{"type":"Point","coordinates":[7.14083,51.25809]},"properties":{"id":"city-586","slug":"wuppertal","name":"Wuppertal","countryCode":"DE","activeShowCount":0,"imminentShowCount":0,"liveStatusConfidence":null,"brightness":0.0}},{"type":"Feature","geometry":{"type":"Point","coordinates":[9.89184,49.79481]},"properties":{"id":"city-587","slug":"wurzburg","name":"W\u00fcrzburg","countryCode":"DE","activeShowCount":0,"imminentShowCount":0,"liveStatusConfidence":null,"brightness":0.0}},{"type":"Feature","geometry":{"type":"Point","coordinates":[7.64409,51.95048]},"properties":{"id":"city-589","slug":"munster","name":"M\u00fcnster","countryCode":"DE","activeShowCount":0,"imminentShowCount":0,"liveStatusConfidence":null,"brightness":0.0}},{"type":"Feature","geometry":{"type":"Point","coordinates":[8.26988,49.997718]},"properties":{"id":"city-590","slug":"mainz-am-rhein","name":"Mainz am Rhein","countryCode":"DE","activeShowCount":0,"imminentShowCount":0,"liveStatusConfidence":null,"brightness":0.0}},{"type":"Feature","geometry":{"type":"Point","coordinates":[11.89997,50.96968]},"properties":{"id":"city-601","slug":"eisenberg","name":"Eisenberg","countryCode":"DE","activeShowCount":0,"imminentShowCount":0,"liveStatusConfidence":null,"brightness":0.0}},{"type":"Feature","geometry":{"type":"Point","coordinates":[-1.612921,54.97175]},"properties":{"id":"city-603","slug":"tyne-and-wear","name":"Tyne And Wear","countryCode":"GB","activeShowCount":0,"imminentShowCount":0,"liveStatusConfidence":null,"brightness":0.0}},{"type":"Feature","geometry":{"type":"Point","coordinates":[-3.45799,56.069812]},"properties":{"id":"city-604","slug":"dunfermline","name":"Dunfermline","countryCode":"GB","activeShowCount":0,"imminentShowCount":0,"liveStatusConfidence":null,"brightness":0.0}},{"type":"Feature","geometry":{"type":"Point","coordinates":[-0.397446,54.275699]},"properties":{"id":"city-605","slug":"scarborough","name":"Scarborough","countryCode":"GB","activeShowCount":0,"imminentShowCount":0,"liveStatusConfidence":null,"brightness":0.0}},{"type":"Feature","geometry":{"type":"Point","coordinates":[0.694399,51.539847]},"properties":{"id":"city-606","slug":"southend-on-sea","name":"Southend-On-Sea","countryCode":"GB","activeShowCount":0,"imminentShowCount":0,"liveStatusConfidence":null,"brightness":0.0}},{"type":"Feature","geometry":{"type":"Point","coordinates":[-1.087029,50.793964]},"properties":{"id":"city-607","slug":"portsmouth","name":"Portsmouth","countryCode":"GB","activeShowCount":0,"imminentShowCount":0,"liveStatusConfidence":null,"brightness":0.0}},{"type":"Feature","geometry":{"type":"Point","coordinates":[-0.971441,51.431356]},"properties":{"id":"city-608","slug":"reading","name":"Reading","countryCode":"GB","activeShowCount":0,"imminentShowCount":0,"liveStatusConfidence":null,"brightness":0.0}},{"type":"Feature","geometry":{"type":"Point","coordinates":[-1.089639,51.267007]},"properties":{"id":"city-609","slug":"basingstoke","name":"Basingstoke","countryCode":"GB","activeShowCount":0,"imminentShowCount":0,"liveStatusConfidence":null,"brightness":0.0}},{"type":"Feature","geometry":{"type":"Point","coordinates":[-1.826297,52.682465]},"properties":{"id":"city-610","slug":"lichfield","name":"Lichfield","countryCode":"GB","activeShowCount":0,"imminentShowCount":0,"liveStatusConfidence":null,"brightness":0.0}},{"type":"Feature","geometry":{"type":"Point","coordinates":[1.753484,52.47622]},"properties":{"id":"city-611","slug":"lowestoft","name":"Lowestoft","countryCode":"GB","activeShowCount":0,"imminentShowCount":0,"liveStatusConfidence":null,"brightness":0.0}},{"type":"Feature","geometry":{"type":"Point","coordinates":[-1.471079,53.38118]},"properties":{"id":"city-613","slug":"sheffield","name":"Sheffield","countryCode":"GB","activeShowCount":0,"imminentShowCount":0,"liveStatusConfidence":null,"brightness":0.0}},{"type":"Feature","geometry":{"type":"Point","coordinates":[-3.016926,53.645602]},"properties":{"id":"city-614","slug":"southport","name":"Southport","countryCode":"GB","activeShowCount":0,"imminentShowCount":0,"liveStatusConfidence":null,"brightness":0.0}},{"type":"Feature","geometry":{"type":"Point","coordinates":[0.119718,52.205644]},"properties":{"id":"city-615","slug":"cambridge","name":"Cambridge","countryCode":"GB","activeShowCount":0,"imminentShowCount":0,"liveStatusConfidence":null,"brightness":0.0}},{"type":"Feature","geometry":{"type":"Point","coordinates":[-1.173538,51.075796]},"properties":{"id":"city-616","slug":"folkestone","name":"Folkestone","countryCode":"GB","activeShowCount":0,"imminentShowCount":0,"liveStatusConfidence":null,"brightness":0.0}},{"type":"Feature","geometry":{"type":"Point","coordinates":[-2.988333,56.45863]},"properties":{"id":"city-617","slug":"dundee","name":"Dundee","countryCode":"GB","activeShowCount":0,"imminentShowCount":0,"liveStatusConfidence":null,"brightness":0.0}},{"type":"Feature","geometry":{"type":"Point","coordinates":[-1.38309,54.90744]},"properties":{"id":"city-618","slug":"sunderland","name":"Sunderland","countryCode":"GB","activeShowCount":0,"imminentShowCount":0,"liveStatusConfidence":null,"brightness":0.0}},{"type":"Feature","geometry":{"type":"Point","coordinates":[-1.373828,51.00623]},"properties":{"id":"city-619","slug":"hampshire","name":"Hampshire","countryCode":"GB","activeShowCount":0,"imminentShowCount":0,"liveStatusConfidence":null,"brightness":0.0}},{"type":"Feature","geometry":{"type":"Point","coordinates":[-1.322627,51.400877]},"properties":{"id":"city-620","slug":"newbury","name":"Newbury","countryCode":"GB","activeShowCount":0,"imminentShowCount":0,"liveStatusConfidence":null,"brightness":0.0}},{"type":"Feature","geometry":{"type":"Point","coordinates":[-1.875166,50.717544]},"properties":{"id":"city-622","slug":"bournemouth","name":"Bournemouth","countryCode":"GB","activeShowCount":0,"imminentShowCount":0,"liveStatusConfidence":null,"brightness":0.0}},{"type":"Feature","geometry":{"type":"Point","coordinates":[-2.75683,52.710963]},"properties":{"id":"city-623","slug":"shrewsbury","name":"Shrewsbury","countryCode":"GB","activeShowCount":0,"imminentShowCount":0,"liveStatusConfidence":null,"brightness":0.0}},{"type":"Feature","geometry":{"type":"Point","coordinates":[-2.748059,54.325351]},"properties":{"id":"city-624","slug":"cumbria","name":"Cumbria","countryCode":"GB","activeShowCount":0,"imminentShowCount":0,"liveStatusConfidence":null,"brightness":0.0}},{"type":"Feature","geometry":{"type":"Point","coordinates":[-0.342266,53.741346]},"properties":{"id":"city-625","slug":"hull","name":"Hull","countryCode":"GB","activeShowCount":0,"imminentShowCount":0,"liveStatusConfidence":null,"brightness":0.0}},{"type":"Feature","geometry":{"type":"Point","coordinates":[-0.07913,51.796015]},"properties":{"id":"city-626","slug":"hertford","name":"Hertford","countryCode":"GB","activeShowCount":0,"imminentShowCount":0,"liveStatusConfidence":null,"brightness":0.0}},{"type":"Feature","geometry":{"type":"Point","coordinates":[-1.429198,50.909135]},"properties":{"id":"city-627","slug":"southampton","name":"Southampton","countryCode":"GB","activeShowCount":0,"imminentShowCount":0,"liveStatusConfidence":null,"brightness":0.0}},{"type":"Feature","geometry":{"type":"Point","coordinates":[-1.176837,50.855383]},"properties":{"id":"city-628","slug":"fareham","name":"Fareham","countryCode":"GB","activeShowCount":0,"imminentShowCount":0,"liveStatusConfidence":null,"brightness":0.0}},{"type":"Feature","geometry":{"type":"Point","coordinates":[-0.336384,51.752945]},"properties":{"id":"city-629","slug":"st-albans","name":"St Albans","countryCode":"GB","activeShowCount":0,"imminentShowCount":0,"liveStatusConfidence":null,"brightness":0.0}},{"type":"Feature","geometry":{"type":"Point","coordinates":[-1.310496,51.061337]},"properties":{"id":"city-630","slug":"winchester","name":"Winchester","countryCode":"GB","activeShowCount":0,"imminentShowCount":0,"liveStatusConfidence":null,"brightness":0.0}},{"type":"Feature","geometry":{"type":"Point","coordinates":[-1.473417,53.37028]},"properties":{"id":"city-631","slug":"little-sheffield","name":"Little Sheffield","countryCode":"GB","activeShowCount":0,"imminentShowCount":0,"liveStatusConfidence":null,"brightness":0.0}},{"type":"Feature","geometry":{"type":"Point","coordinates":[-0.20534,51.90201]},"properties":{"id":"city-632","slug":"stevenage","name":"Stevenage","countryCode":"GB","activeShowCount":0,"imminentShowCount":0,"liveStatusConfidence":null,"brightness":0.0}},{"type":"Feature","geometry":{"type":"Point","coordinates":[0.299538,51.634935]},"properties":{"id":"city-633","slug":"brentwood","name":"Brentwood","countryCode":"GB","activeShowCount":0,"imminentShowCount":0,"liveStatusConfidence":null,"brightness":0.0}},{"type":"Feature","geometry":{"type":"Point","coordinates":[-1.244959,54.575861]},"properties":{"id":"city-634","slug":"middlesbrough","name":"Middlesbrough","countryCode":"GB","activeShowCount":0,"imminentShowCount":0,"liveStatusConfidence":null,"brightness":0.0}},{"type":"Feature","geometry":{"type":"Point","coordinates":[-0.564086,51.24061]},"properties":{"id":"city-635","slug":"guildford","name":"Guildford","countryCode":"GB","activeShowCount":0,"imminentShowCount":0,"liveStatusConfidence":null,"brightness":0.0}},{"type":"Feature","geometry":{"type":"Point","coordinates":[-1.69326,53.906231]},"properties":{"id":"city-636","slug":"otley","name":"Otley","countryCode":"GB","activeShowCount":0,"imminentShowCount":0,"liveStatusConfidence":null,"brightness":0.0}},{"type":"Feature","geometry":{"type":"Point","coordinates":[-3.530138,50.461348]},"properties":{"id":"city-638","slug":"torquay","name":"Torquay","countryCode":"GB","activeShowCount":0,"imminentShowCount":0,"liveStatusConfidence":null,"brightness":0.0}},{"type":"Feature","geometry":{"type":"Point","coordinates":[0.631789,51.945925]},"properties":{"id":"city-639","slug":"halstead","name":"Halstead","countryCode":"GB","activeShowCount":0,"imminentShowCount":0,"liveStatusConfidence":null,"brightness":0.0}},{"type":"Feature","geometry":{"type":"Point","coordinates":[-0.372303,50.814541]},"properties":{"id":"city-640","slug":"worthing","name":"Worthing","countryCode":"GB","activeShowCount":0,"imminentShowCount":0,"liveStatusConfidence":null,"brightness":0.0}},{"type":"Feature","geometry":{"type":"Point","coordinates":[-0.537099,53.229791]},"properties":{"id":"city-641","slug":"lincoln","name":"Lincoln","countryCode":"GB","activeShowCount":0,"imminentShowCount":0,"liveStatusConfidence":null,"brightness":0.0}},{"type":"Feature","geometry":{"type":"Point","coordinates":[-2.24884,52.3874]},"properties":{"id":"city-642","slug":"kidderminster","name":"Kidderminster","countryCode":"GB","activeShowCount":0,"imminentShowCount":0,"liveStatusConfidence":null,"brightness":0.0}},{"type":"Feature","geometry":{"type":"Point","coordinates":[-1.541386,52.380438]},"properties":{"id":"city-643","slug":"coventry","name":"Coventry","countryCode":"GB","activeShowCount":0,"imminentShowCount":0,"liveStatusConfidence":null,"brightness":0.0}},{"type":"Feature","geometry":{"type":"Point","coordinates":[1.152397,52.057726]},"properties":{"id":"city-644","slug":"ipswich","name":"Ipswich","countryCode":"GB","activeShowCount":0,"imminentShowCount":0,"liveStatusConfidence":null,"brightness":0.0}},{"type":"Feature","geometry":{"type":"Point","coordinates":[0.52149,51.274709]},"properties":{"id":"city-645","slug":"maidstone","name":"Maidstone","countryCode":"GB","activeShowCount":0,"imminentShowCount":0,"liveStatusConfidence":null,"brightness":0.0}},{"type":"Feature","geometry":{"type":"Point","coordinates":[-0.688085,52.300007]},"properties":{"id":"city-646","slug":"wellingborough","name":"Wellingborough","countryCode":"GB","activeShowCount":0,"imminentShowCount":0,"liveStatusConfidence":null,"brightness":0.0}},{"type":"Feature","geometry":{"type":"Point","coordinates":[-5.814183,54.853957]},"properties":{"id":"city-647","slug":"antrim","name":"Antrim","countryCode":"GB","activeShowCount":0,"imminentShowCount":0,"liveStatusConfidence":null,"brightness":0.0}},{"type":"Feature","geometry":{"type":"Point","coordinates":[1.354665,51.960931]},"properties":{"id":"city-648","slug":"felixstowe","name":"Felixstowe","countryCode":"GB","activeShowCount":0,"imminentShowCount":0,"liveStatusConfidence":null,"brightness":0.0}},{"type":"Feature","geometry":{"type":"Point","coordinates":[-1.780097,53.644531]},"properties":{"id":"city-649","slug":"huddersfield","name":"Huddersfield","countryCode":"GB","activeShowCount":0,"imminentShowCount":0,"liveStatusConfidence":null,"brightness":0.0}},{"type":"Feature","geometry":{"type":"Point","coordinates":[-1.621588,54.970633]},"properties":{"id":"city-650","slug":"newcastle-upon-tyne","name":"Newcastle Upon Tyne","countryCode":"GB","activeShowCount":0,"imminentShowCount":0,"liveStatusConfidence":null,"brightness":0.0}},{"type":"Feature","geometry":{"type":"Point","coordinates":[-1.540004,53.994463]},"properties":{"id":"city-651","slug":"harrogate","name":"Harrogate","countryCode":"GB","activeShowCount":0,"imminentShowCount":0,"liveStatusConfidence":null,"brightness":0.0}},{"type":"Feature","geometry":{"type":"Point","coordinates":[-5.049819,50.262505]},"properties":{"id":"city-652","slug":"truro","name":"Truro","countryCode":"GB","activeShowCount":0,"imminentShowCount":0,"liveStatusConfidence":null,"brightness":0.0}},{"type":"Feature","geometry":{"type":"Point","coordinates":[-2.130802,52.586653]},"properties":{"id":"city-653","slug":"wolverhampton","name":"Wolverhampton","countryCode":"GB","activeShowCount":0,"imminentShowCount":0,"liveStatusConfidence":null,"brightness":0.0}},{"type":"Feature","geometry":{"type":"Point","coordinates":[-1.977096,50.718463]},"properties":{"id":"city-654","slug":"poole","name":"Poole","countryCode":"GB","activeShowCount":0,"imminentShowCount":0,"liveStatusConfidence":null,"brightness":0.0}},{"type":"Feature","geometry":{"type":"Point","coordinates":[-4.3635,50.6356]},"properties":{"id":"city-655","slug":"launceston","name":"Launceston","countryCode":"GB","activeShowCount":0,"imminentShowCount":0,"liveStatusConfidence":null,"brightness":0.0}},{"type":"Feature","geometry":{"type":"Point","coordinates":[-4.149219,50.368073]},"properties":{"id":"city-656","slug":"plymouth","name":"Plymouth","countryCode":"GB","activeShowCount":0,"imminentShowCount":0,"liveStatusConfidence":null,"brightness":0.0}},{"type":"Feature","geometry":{"type":"Point","coordinates":[-0.805922,53.076683]},"properties":{"id":"city-657","slug":"newark","name":"Newark","countryCode":"GB","activeShowCount":0,"imminentShowCount":0,"liveStatusConfidence":null,"brightness":0.0}},{"type":"Feature","geometry":{"type":"Point","coordinates":[-2.296812,53.471097]},"properties":{"id":"city-658","slug":"salford","name":"Salford","countryCode":"GB","activeShowCount":0,"imminentShowCount":0,"liveStatusConfidence":null,"brightness":0.0}},{"type":"Feature","geometry":{"type":"Point","coordinates":[-1.471711,52.920398]},"properties":{"id":"city-659","slug":"derby","name":"Derby","countryCode":"GB","activeShowCount":0,"imminentShowCount":0,"liveStatusConfidence":null,"brightness":0.0}},{"type":"Feature","geometry":{"type":"Point","coordinates":[-2.311825,51.241268]},"properties":{"id":"city-660","slug":"frome","name":"Frome","countryCode":"GB","activeShowCount":0,"imminentShowCount":0,"liveStatusConfidence":null,"brightness":0.0}},{"type":"Feature","geometry":{"type":"Point","coordinates":[-2.596685,53.387374]},"properties":{"id":"city-661","slug":"warrington","name":"Warrington","countryCode":"GB","activeShowCount":0,"imminentShowCount":0,"liveStatusConfidence":null,"brightness":0.0}},{"type":"Feature","geometry":{"type":"Point","coordinates":[0.393592,52.75663]},"properties":{"id":"city-662","slug":"kings-lynn","name":"Kings Lynn","countryCode":"GB","activeShowCount":0,"imminentShowCount":0,"liveStatusConfidence":null,"brightness":0.0}},{"type":"Feature","geometry":{"type":"Point","coordinates":[0.47039,51.735181]},"properties":{"id":"city-663","slug":"chelmsford","name":"Chelmsford","countryCode":"GB","activeShowCount":0,"imminentShowCount":0,"liveStatusConfidence":null,"brightness":0.0}},{"type":"Feature","geometry":{"type":"Point","coordinates":[-0.70443,52.487418]},"properties":{"id":"city-664","slug":"northants","name":"Northants","countryCode":"GB","activeShowCount":0,"imminentShowCount":0,"liveStatusConfidence":null,"brightness":0.0}},{"type":"Feature","geometry":{"type":"Point","coordinates":[-0.652994,53.588332]},"properties":{"id":"city-665","slug":"scunthorpe","name":"Scunthorpe","countryCode":"GB","activeShowCount":0,"imminentShowCount":0,"liveStatusConfidence":null,"brightness":0.0}},{"type":"Feature","geometry":{"type":"Point","coordinates":[-2.175387,53.023439]},"properties":{"id":"city-666","slug":"stoke-on-trent","name":"Stoke-On-Trent","countryCode":"GB","activeShowCount":0,"imminentShowCount":0,"liveStatusConfidence":null,"brightness":0.0}},{"type":"Feature","geometry":{"type":"Point","coordinates":[-0.421821,51.521049]},"properties":{"id":"city-667","slug":"hayes","name":"Hayes","countryCode":"GB","activeShowCount":0,"imminentShowCount":0,"liveStatusConfidence":null,"brightness":0.0}},{"type":"Feature","geometry":{"type":"Point","coordinates":[-2.931476,50.725115]},"properties":{"id":"city-668","slug":"lyme-regis","name":"Lyme Regis","countryCode":"GB","activeShowCount":0,"imminentShowCount":0,"liveStatusConfidence":null,"brightness":0.0}},{"type":"Feature","geometry":{"type":"Point","coordinates":[-1.424263,53.237324]},"properties":{"id":"city-669","slug":"chesterfield","name":"Chesterfield","countryCode":"GB","activeShowCount":0,"imminentShowCount":0,"liveStatusConfidence":null,"brightness":0.0}},{"type":"Feature","geometry":{"type":"Point","coordinates":[-1.430448,54.340776]},"properties":{"id":"city-670","slug":"northallerton","name":"Northallerton","countryCode":"GB","activeShowCount":0,"imminentShowCount":0,"liveStatusConfidence":null,"brightness":0.0}},{"type":"Feature","geometry":{"type":"Point","coordinates":[-0.735615,52.387484]},"properties":{"id":"city-671","slug":"kettering","name":"Kettering","countryCode":"GB","activeShowCount":0,"imminentShowCount":0,"liveStatusConfidence":null,"brightness":0.0}},{"type":"Feature","geometry":{"type":"Point","coordinates":[-3.304581,53.173316]},"properties":{"id":"city-672","slug":"ruthin","name":"Ruthin","countryCode":"GB","activeShowCount":0,"imminentShowCount":0,"liveStatusConfidence":null,"brightness":0.0}},{"type":"Feature","geometry":{"type":"Point","coordinates":[-3.412778,50.615543]},"properties":{"id":"city-673","slug":"exmouth","name":"Exmouth","countryCode":"GB","activeShowCount":0,"imminentShowCount":0,"liveStatusConfidence":null,"brightness":0.0}},{"type":"Feature","geometry":{"type":"Point","coordinates":[-3.340019,52.505374]},"properties":{"id":"city-674","slug":"newtown","name":"Newtown","countryCode":"GB","activeShowCount":0,"imminentShowCount":0,"liveStatusConfidence":null,"brightness":0.0}},{"type":"Feature","geometry":{"type":"Point","coordinates":[-2.161313,53.409228]},"properties":{"id":"city-675","slug":"stockport","name":"Stockport","countryCode":"GB","activeShowCount":0,"imminentShowCount":0,"liveStatusConfidence":null,"brightness":0.0}},{"type":"Feature","geometry":{"type":"Point","coordinates":[0.284256,50.762672]},"properties":{"id":"city-676","slug":"eastbourne","name":"Eastbourne","countryCode":"GB","activeShowCount":0,"imminentShowCount":0,"liveStatusConfidence":null,"brightness":0.0}},{"type":"Feature","geometry":{"type":"Point","coordinates":[1.153414,51.791148]},"properties":{"id":"city-677","slug":"clacton-on-sea","name":"Clacton-On-Sea","countryCode":"GB","activeShowCount":0,"imminentShowCount":0,"liveStatusConfidence":null,"brightness":0.0}},{"type":"Feature","geometry":{"type":"Point","coordinates":[-2.222239,52.192034]},"properties":{"id":"city-678","slug":"worcester","name":"Worcester","countryCode":"GB","activeShowCount":0,"imminentShowCount":0,"liveStatusConfidence":null,"brightness":0.0}},{"type":"Feature","geometry":{"type":"Point","coordinates":[-0.892146,52.767859]},"properties":{"id":"city-679","slug":"melton-mowbray","name":"Melton Mowbray","countryCode":"GB","activeShowCount":0,"imminentShowCount":0,"liveStatusConfidence":null,"brightness":0.0}},{"type":"Feature","geometry":{"type":"Point","coordinates":[-3.16303,56.111717]},"properties":{"id":"city-680","slug":"kirkcaldy","name":"Kirkcaldy","countryCode":"GB","activeShowCount":0,"imminentShowCount":0,"liveStatusConfidence":null,"brightness":0.0}},{"type":"Feature","geometry":{"type":"Point","coordinates":[-2.183976,51.428482]},"properties":{"id":"city-681","slug":"corsham","name":"Corsham","countryCode":"GB","activeShowCount":0,"imminentShowCount":0,"liveStatusConfidence":null,"brightness":0.0}},{"type":"Feature","geometry":{"type":"Point","coordinates":[-0.749797,51.627965]},"properties":{"id":"city-682","slug":"high-wycombe","name":"High Wycombe","countryCode":"GB","activeShowCount":0,"imminentShowCount":0,"liveStatusConfidence":null,"brightness":0.0}},{"type":"Feature","geometry":{"type":"Point","coordinates":[-1.761654,51.490249]},"properties":{"id":"city-683","slug":"swansea","name":"Swansea","countryCode":"GB","activeShowCount":0,"imminentShowCount":0,"liveStatusConfidence":null,"brightness":0.0}},{"type":"Feature","geometry":{"type":"Point","coordinates":[1.737943,52.608227]},"properties":{"id":"city-684","slug":"great-yarmouth","name":"Great Yarmouth","countryCode":"GB","activeShowCount":0,"imminentShowCount":0,"liveStatusConfidence":null,"brightness":0.0}},{"type":"Feature","geometry":{"type":"Point","coordinates":[-1.780186,51.557315]},"properties":{"id":"city-685","slug":"swindon","name":"Swindon","countryCode":"GB","activeShowCount":0,"imminentShowCount":0,"liveStatusConfidence":null,"brightness":0.0}},{"type":"Feature","geometry":{"type":"Point","coordinates":[1.376082,51.386731]},"properties":{"id":"city-686","slug":"margate","name":"Margate","countryCode":"GB","activeShowCount":0,"imminentShowCount":0,"liveStatusConfidence":null,"brightness":0.0}},{"type":"Feature","geometry":{"type":"Point","coordinates":[-2.602938,50.670395]},"properties":{"id":"city-687","slug":"dorset","name":"Dorset","countryCode":"GB","activeShowCount":0,"imminentShowCount":0,"liveStatusConfidence":null,"brightness":0.0}},{"type":"Feature","geometry":{"type":"Point","coordinates":[-3.484567,53.326091]},"properties":{"id":"city-688","slug":"rhyl","name":"Rhyl","countryCode":"GB","activeShowCount":0,"imminentShowCount":0,"liveStatusConfidence":null,"brightness":0.0}},{"type":"Feature","geometry":{"type":"Point","coordinates":[0.52508,51.382567]},"properties":{"id":"city-689","slug":"chatham","name":"Chatham","countryCode":"GB","activeShowCount":0,"imminentShowCount":0,"liveStatusConfidence":null,"brightness":0.0}},{"type":"Feature","geometry":{"type":"Point","coordinates":[-0.467104,52.135901]},"properties":{"id":"city-690","slug":"bedford","name":"Bedford","countryCode":"GB","activeShowCount":0,"imminentShowCount":0,"liveStatusConfidence":null,"brightness":0.0}},{"type":"Feature","geometry":{"type":"Point","coordinates":[-0.797227,51.211756]},"properties":{"id":"city-691","slug":"farnham","name":"Farnham","countryCode":"GB","activeShowCount":0,"imminentShowCount":0,"liveStatusConfidence":null,"brightness":0.0}},{"type":"Feature","geometry":{"type":"Point","coordinates":[-1.5746,54.777991]},"properties":{"id":"city-692","slug":"durham","name":"Durham","countryCode":"GB","activeShowCount":0,"imminentShowCount":0,"liveStatusConfidence":null,"brightness":0.0}},{"type":"Feature","geometry":{"type":"Point","coordinates":[-3.005654,53.052971]},"properties":{"id":"city-693","slug":"wrexham","name":"Wrexham","countryCode":"GB","activeShowCount":0,"imminentShowCount":0,"liveStatusConfidence":null,"brightness":0.0}},{"type":"Feature","geometry":{"type":"Point","coordinates":[-2.244285,53.787769]},"properties":{"id":"city-694","slug":"burnley","name":"Burnley","countryCode":"GB","activeShowCount":0,"imminentShowCount":0,"liveStatusConfidence":null,"brightness":0.0}},{"type":"Feature","geometry":{"type":"Point","coordinates":[-0.403457,51.658974]},"properties":{"id":"city-695","slug":"watford","name":"Watford","countryCode":"GB","activeShowCount":0,"imminentShowCount":0,"liveStatusConfidence":null,"brightness":0.0}},{"type":"Feature","geometry":{"type":"Point","coordinates":[-0.253603,52.575483]},"properties":{"id":"city-696","slug":"peterborough","name":"Peterborough","countryCode":"GB","activeShowCount":0,"imminentShowCount":0,"liveStatusConfidence":null,"brightness":0.0}},{"type":"Feature","geometry":{"type":"Point","coordinates":[-1.194174,53.146053]},"properties":{"id":"city-697","slug":"mansfield","name":"Mansfield","countryCode":"GB","activeShowCount":0,"imminentShowCount":0,"liveStatusConfidence":null,"brightness":0.0}},{"type":"Feature","geometry":{"type":"Point","coordinates":[-2.115948,52.807197]},"properties":{"id":"city-699","slug":"stafford","name":"Stafford","countryCode":"GB","activeShowCount":0,"imminentShowCount":0,"liveStatusConfidence":null,"brightness":0.0}},{"type":"Feature","geometry":{"type":"Point","coordinates":[-0.17451,51.111556]},"properties":{"id":"city-700","slug":"crawley","name":"Crawley","countryCode":"GB","activeShowCount":0,"imminentShowCount":0,"liveStatusConfidence":null,"brightness":0.0}},{"type":"Feature","geometry":{"type":"Point","coordinates":[-4.062733,52.416229]},"properties":{"id":"city-701","slug":"aberystwyth","name":"Aberystwyth","countryCode":"GB","activeShowCount":0,"imminentShowCount":0,"liveStatusConfidence":null,"brightness":0.0}},{"type":"Feature","geometry":{"type":"Point","coordinates":[-2.634009,53.653328]},"properties":{"id":"city-702","slug":"lancashire","name":"Lancashire","countryCode":"GB","activeShowCount":0,"imminentShowCount":0,"liveStatusConfidence":null,"brightness":0.0}},{"type":"Feature","geometry":{"type":"Point","coordinates":[-0.18136,52.32909]},"properties":{"id":"city-703","slug":"huntingdon","name":"Huntingdon","countryCode":"GB","activeShowCount":0,"imminentShowCount":0,"liveStatusConfidence":null,"brightness":0.0}},{"type":"Feature","geometry":{"type":"Point","coordinates":[-4.129841,53.227676]},"properties":{"id":"city-704","slug":"bangor","name":"Bangor","countryCode":"GB","activeShowCount":0,"imminentShowCount":0,"liveStatusConfidence":null,"brightness":0.0}},{"type":"Feature","geometry":{"type":"Point","coordinates":[-2.649093,50.942088]},"properties":{"id":"city-705","slug":"yeovil","name":"Yeovil","countryCode":"GB","activeShowCount":0,"imminentShowCount":0,"liveStatusConfidence":null,"brightness":0.0}},{"type":"Feature","geometry":{"type":"Point","coordinates":[-0.891705,52.766397]},"properties":{"id":"city-706","slug":"leicestershire","name":"Leicestershire","countryCode":"GB","activeShowCount":0,"imminentShowCount":0,"liveStatusConfidence":null,"brightness":0.0}},{"type":"Feature","geometry":{"type":"Point","coordinates":[-3.942109,56.117707]},"properties":{"id":"city-707","slug":"stirling","name":"Stirling","countryCode":"GB","activeShowCount":0,"imminentShowCount":0,"liveStatusConfidence":null,"brightness":0.0}},{"type":"Feature","geometry":{"type":"Point","coordinates":[-5.229589,50.233038]},"properties":{"id":"city-708","slug":"redruth","name":"Redruth","countryCode":"GB","activeShowCount":0,"imminentShowCount":0,"liveStatusConfidence":null,"brightness":0.0}},{"type":"Feature","geometry":{"type":"Point","coordinates":[-3.102608,51.018262]},"properties":{"id":"city-709","slug":"taunton","name":"Taunton","countryCode":"GB","activeShowCount":0,"imminentShowCount":0,"liveStatusConfidence":null,"brightness":0.0}},{"type":"Feature","geometry":{"type":"Point","coordinates":[1.069341,51.298277]},"properties":{"id":"city-710","slug":"canterbury","name":"Canterbury","countryCode":"GB","activeShowCount":0,"imminentShowCount":0,"liveStatusConfidence":null,"brightness":0.0}},{"type":"Feature","geometry":{"type":"Point","coordinates":[-0.674185,52.025869]},"properties":{"id":"city-711","slug":"milton-keynes","name":"Milton Keynes","countryCode":"GB","activeShowCount":0,"imminentShowCount":0,"liveStatusConfidence":null,"brightness":0.0}},{"type":"Feature","geometry":{"type":"Point","coordinates":[-2.440394,53.098881]},"properties":{"id":"city-712","slug":"crewe","name":"Crewe","countryCode":"GB","activeShowCount":0,"imminentShowCount":0,"liveStatusConfidence":null,"brightness":0.0}},{"type":"Feature","geometry":{"type":"Point","coordinates":[-0.108804,53.567838]},"properties":{"id":"city-713","slug":"grimsby","name":"Grimsby","countryCode":"GB","activeShowCount":0,"imminentShowCount":0,"liveStatusConfidence":null,"brightness":0.0}},{"type":"Feature","geometry":{"type":"Point","coordinates":[1.402208,51.224724]},"properties":{"id":"city-714","slug":"kent","name":"Kent","countryCode":"GB","activeShowCount":0,"imminentShowCount":0,"liveStatusConfidence":null,"brightness":0.0}},{"type":"Feature","geometry":{"type":"Point","coordinates":[0.24349,52.021406]},"properties":{"id":"city-715","slug":"saffron-walden","name":"Saffron Walden","countryCode":"GB","activeShowCount":0,"imminentShowCount":0,"liveStatusConfidence":null,"brightness":0.0}},{"type":"Feature","geometry":{"type":"Point","coordinates":[-0.810439,51.814948]},"properties":{"id":"city-716","slug":"aylesbury","name":"Aylesbury","countryCode":"GB","activeShowCount":0,"imminentShowCount":0,"liveStatusConfidence":null,"brightness":0.0}},{"type":"Feature","geometry":{"type":"Point","coordinates":[-2.486151,53.749838]},"properties":{"id":"city-717","slug":"blackburn","name":"Blackburn","countryCode":"GB","activeShowCount":0,"imminentShowCount":0,"liveStatusConfidence":null,"brightness":0.0}},{"type":"Feature","geometry":{"type":"Point","coordinates":[-1.549317,54.525302]},"properties":{"id":"city-718","slug":"darlington","name":"Darlington","countryCode":"GB","activeShowCount":0,"imminentShowCount":0,"liveStatusConfidence":null,"brightness":0.0}},{"type":"Feature","geometry":{"type":"Point","coordinates":[-0.157115,50.825001]},"properties":{"id":"city-719","slug":"hove","name":"Hove","countryCode":"GB","activeShowCount":0,"imminentShowCount":0,"liveStatusConfidence":null,"brightness":0.0}},{"type":"Feature","geometry":{"type":"Point","coordinates":[-0.561865,51.319851]},"properties":{"id":"city-720","slug":"woking","name":"Woking","countryCode":"GB","activeShowCount":0,"imminentShowCount":0,"liveStatusConfidence":null,"brightness":0.0}},{"type":"Feature","geometry":{"type":"Point","coordinates":[-2.934584,54.898663]},"properties":{"id":"city-721","slug":"carlisle","name":"Carlisle","countryCode":"GB","activeShowCount":0,"imminentShowCount":0,"liveStatusConfidence":null,"brightness":0.0}},{"type":"Feature","geometry":{"type":"Point","coordinates":[0.26595,51.132133]},"properties":{"id":"city-722","slug":"tunbridge-wells","name":"Tunbridge Wells","countryCode":"GB","activeShowCount":0,"imminentShowCount":0,"liveStatusConfidence":null,"brightness":0.0}},{"type":"Feature","geometry":{"type":"Point","coordinates":[-2.217079,51.745501]},"properties":{"id":"city-723","slug":"stroud","name":"Stroud","countryCode":"GB","activeShowCount":0,"imminentShowCount":0,"liveStatusConfidence":null,"brightness":0.0}},{"type":"Feature","geometry":{"type":"Point","coordinates":[0.903145,51.895325]},"properties":{"id":"city-724","slug":"colchester","name":"Colchester","countryCode":"GB","activeShowCount":0,"imminentShowCount":0,"liveStatusConfidence":null,"brightness":0.0}},{"type":"Feature","geometry":{"type":"Point","coordinates":[-4.280458,50.532234]},"properties":{"id":"city-726","slug":"devon","name":"Devon","countryCode":"GB","activeShowCount":0,"imminentShowCount":0,"liveStatusConfidence":null,"brightness":0.0}},{"type":"Feature","geometry":{"type":"Point","coordinates":[-0.015422,53.547338]},"properties":{"id":"city-727","slug":"cleethorpes","name":"Cleethorpes","countryCode":"GB","activeShowCount":0,"imminentShowCount":0,"liveStatusConfidence":null,"brightness":0.0}},{"type":"Feature","geometry":{"type":"Point","coordinates":[-4.058507,51.081053]},"properties":{"id":"city-728","slug":"barnstaple","name":"Barnstaple","countryCode":"GB","activeShowCount":0,"imminentShowCount":0,"liveStatusConfidence":null,"brightness":0.0}},{"type":"Feature","geometry":{"type":"Point","coordinates":[-0.278051,51.946425]},"properties":{"id":"city-729","slug":"hitchin","name":"Hitchin","countryCode":"GB","activeShowCount":0,"imminentShowCount":0,"liveStatusConfidence":null,"brightness":0.0}},{"type":"Feature","geometry":{"type":"Point","coordinates":[-0.426607,53.86577]},"properties":{"id":"city-730","slug":"beverley","name":"Beverley","countryCode":"GB","activeShowCount":0,"imminentShowCount":0,"liveStatusConfidence":null,"brightness":0.0}},{"type":"Feature","geometry":{"type":"Point","coordinates":[-2.797839,54.049705]},"properties":{"id":"city-731","slug":"lancaster","name":"Lancaster","countryCode":"GB","activeShowCount":0,"imminentShowCount":0,"liveStatusConfidence":null,"brightness":0.0}},{"type":"Feature","geometry":{"type":"Point","coordinates":[-1.53369,52.285603]},"properties":{"id":"city-732","slug":"leamington-spa","name":"Leamington Spa","countryCode":"GB","activeShowCount":0,"imminentShowCount":0,"liveStatusConfidence":null,"brightness":0.0}},{"type":"Feature","geometry":{"type":"Point","coordinates":[-1.316452,54.564273]},"properties":{"id":"city-733","slug":"stockton-on-tees","name":"Stockton on Tees","countryCode":"GB","activeShowCount":0,"imminentShowCount":0,"liveStatusConfidence":null,"brightness":0.0}},{"type":"Feature","geometry":{"type":"Point","coordinates":[-3.051176,53.817123]},"properties":{"id":"city-734","slug":"blackpool","name":"Blackpool","countryCode":"GB","activeShowCount":0,"imminentShowCount":0,"liveStatusConfidence":null,"brightness":0.0}},{"type":"Feature","geometry":{"type":"Point","coordinates":[-1.821223,53.924195]},"properties":{"id":"city-735","slug":"ilkley","name":"Ilkley","countryCode":"GB","activeShowCount":0,"imminentShowCount":0,"liveStatusConfidence":null,"brightness":0.0}},{"type":"Feature","geometry":{"type":"Point","coordinates":[-5.475934,56.419107]},"properties":{"id":"city-736","slug":"oban","name":"Oban","countryCode":"GB","activeShowCount":0,"imminentShowCount":0,"liveStatusConfidence":null,"brightness":0.0}},{"type":"Feature","geometry":{"type":"Point","coordinates":[-0.768753,51.248174]},"properties":{"id":"city-737","slug":"aldershot","name":"Aldershot","countryCode":"GB","activeShowCount":0,"imminentShowCount":0,"liveStatusConfidence":null,"brightness":0.0}},{"type":"Feature","geometry":{"type":"Point","coordinates":[-6.655235,55.126065]},"properties":{"id":"city-738","slug":"coleraine","name":"Coleraine","countryCode":"GB","activeShowCount":0,"imminentShowCount":0,"liveStatusConfidence":null,"brightness":0.0}},{"type":"Feature","geometry":{"type":"Point","coordinates":[-2.874801,54.07131]},"properties":{"id":"city-739","slug":"morecambe","name":"Morecambe","countryCode":"GB","activeShowCount":0,"imminentShowCount":0,"liveStatusConfidence":null,"brightness":0.0}},{"type":"Feature","geometry":{"type":"Point","coordinates":[-1.550511,53.659805]},"properties":{"id":"city-740","slug":"wakefield","name":"Wakefield","countryCode":"GB","activeShowCount":0,"imminentShowCount":0,"liveStatusConfidence":null,"brightness":0.0}},{"type":"Feature","geometry":{"type":"Point","coordinates":[0.590194,51.519642]},"properties":{"id":"city-741","slug":"essex","name":"Essex","countryCode":"GB","activeShowCount":0,"imminentShowCount":0,"liveStatusConfidence":null,"brightness":0.0}},{"type":"Feature","geometry":{"type":"Point","coordinates":[-5.882279,54.39204]},"properties":{"id":"city-742","slug":"ballynahinch","name":"Ballynahinch","countryCode":"GB","activeShowCount":0,"imminentShowCount":0,"liveStatusConfidence":null,"brightness":0.0}},{"type":"Feature","geometry":{"type":"Point","coordinates":[-3.42367,56.208672]},"properties":{"id":"city-743","slug":"kinross","name":"Kinross","countryCode":"GB","activeShowCount":0,"imminentShowCount":0,"liveStatusConfidence":null,"brightness":0.0}},{"type":"Feature","geometry":{"type":"Point","coordinates":[-0.307788,51.408206]},"properties":{"id":"city-744","slug":"surrey","name":"Surrey","countryCode":"GB","activeShowCount":0,"imminentShowCount":0,"liveStatusConfidence":null,"brightness":0.0}},{"type":"Feature","geometry":{"type":"Point","coordinates":[-0.616879,54.484769]},"properties":{"id":"city-745","slug":"whitby","name":"Whitby","countryCode":"GB","activeShowCount":0,"imminentShowCount":0,"liveStatusConfidence":null,"brightness":0.0}},{"type":"Feature","geometry":{"type":"Point","coordinates":[-6.650805,54.345151]},"properties":{"id":"city-746","slug":"armagh","name":"Armagh","countryCode":"GB","activeShowCount":0,"imminentShowCount":0,"liveStatusConfidence":null,"brightness":0.0}},{"type":"Feature","geometry":{"type":"Point","coordinates":[0.014436,51.403776]},"properties":{"id":"city-747","slug":"bromley","name":"Bromley","countryCode":"GB","activeShowCount":0,"imminentShowCount":0,"liveStatusConfidence":null,"brightness":0.0}},{"type":"Feature","geometry":{"type":"Point","coordinates":[0.217771,51.445968]},"properties":{"id":"city-748","slug":"dartford","name":"Dartford","countryCode":"GB","activeShowCount":0,"imminentShowCount":0,"liveStatusConfidence":null,"brightness":0.0}},{"type":"Feature","geometry":{"type":"Point","coordinates":[-6.65419,55.207679]},"properties":{"id":"city-749","slug":"portrush","name":"Portrush","countryCode":"GB","activeShowCount":0,"imminentShowCount":0,"liveStatusConfidence":null,"brightness":0.0}},{"type":"Feature","geometry":{"type":"Point","coordinates":[-1.331491,52.063041]},"properties":{"id":"city-750","slug":"banbury","name":"Banbury","countryCode":"GB","activeShowCount":0,"imminentShowCount":0,"liveStatusConfidence":null,"brightness":0.0}},{"type":"Feature","geometry":{"type":"Point","coordinates":[-1.31304,54.564621]},"properties":{"id":"city-751","slug":"stockton-on-tees","name":"Stockton-on-Tees","countryCode":"GB","activeShowCount":0,"imminentShowCount":0,"liveStatusConfidence":null,"brightness":0.0}},{"type":"Feature","geometry":{"type":"Point","coordinates":[-0.521693,51.890117]},"properties":{"id":"city-752","slug":"dunstable","name":"Dunstable","countryCode":"GB","activeShowCount":0,"imminentShowCount":0,"liveStatusConfidence":null,"brightness":0.0}},{"type":"Feature","geometry":{"type":"Point","coordinates":[1.42991,51.33719]},"properties":{"id":"city-753","slug":"ramsgate","name":"Ramsgate","countryCode":"GB","activeShowCount":0,"imminentShowCount":0,"liveStatusConfidence":null,"brightness":0.0}},{"type":"Feature","geometry":{"type":"Point","coordinates":[-1.206052,52.771741]},"properties":{"id":"city-754","slug":"loughborough","name":"Loughborough","countryCode":"GB","activeShowCount":0,"imminentShowCount":0,"liveStatusConfidence":null,"brightness":0.0}},{"type":"Feature","geometry":{"type":"Point","coordinates":[-4.230822,57.473094]},"properties":{"id":"city-755","slug":"inverness","name":"Inverness","countryCode":"GB","activeShowCount":0,"imminentShowCount":0,"liveStatusConfidence":null,"brightness":0.0}},{"type":"Feature","geometry":{"type":"Point","coordinates":[-2.89323,53.192367]},"properties":{"id":"city-756","slug":"chester","name":"Chester","countryCode":"GB","activeShowCount":0,"imminentShowCount":0,"liveStatusConfidence":null,"brightness":0.0}},{"type":"Feature","geometry":{"type":"Point","coordinates":[-2.971624,53.735487]},"properties":{"id":"city-757","slug":"lytham-st-annes","name":"Lytham St Annes","countryCode":"GB","activeShowCount":0,"imminentShowCount":0,"liveStatusConfidence":null,"brightness":0.0}},{"type":"Feature","geometry":{"type":"Point","coordinates":[-0.325487,51.234093]},"properties":{"id":"city-758","slug":"dorking","name":"Dorking","countryCode":"GB","activeShowCount":0,"imminentShowCount":0,"liveStatusConfidence":null,"brightness":0.0}},{"type":"Feature","geometry":{"type":"Point","coordinates":[-2.733467,53.453969]},"properties":{"id":"city-759","slug":"st-helens","name":"St Helens","countryCode":"GB","activeShowCount":0,"imminentShowCount":0,"liveStatusConfidence":null,"brightness":0.0}},{"type":"Feature","geometry":{"type":"Point","coordinates":[0.572172,50.853814]},"properties":{"id":"city-760","slug":"hastings","name":"Hastings","countryCode":"GB","activeShowCount":0,"imminentShowCount":0,"liveStatusConfidence":null,"brightness":0.0}},{"type":"Feature","geometry":{"type":"Point","coordinates":[-1.939266,52.306288]},"properties":{"id":"city-761","slug":"redditch","name":"Redditch","countryCode":"GB","activeShowCount":0,"imminentShowCount":0,"liveStatusConfidence":null,"brightness":0.0}},{"type":"Feature","geometry":{"type":"Point","coordinates":[-0.268421,51.331275]},"properties":{"id":"city-762","slug":"epsom","name":"Epsom","countryCode":"GB","activeShowCount":0,"imminentShowCount":0,"liveStatusConfidence":null,"brightness":0.0}},{"type":"Feature","geometry":{"type":"Point","coordinates":[-0.59476,51.50999]},"properties":{"id":"city-763","slug":"slough","name":"Slough","countryCode":"GB","activeShowCount":0,"imminentShowCount":0,"liveStatusConfidence":null,"brightness":0.0}},{"type":"Feature","geometry":{"type":"Point","coordinates":[-3.094464,54.194572]},"properties":{"id":"city-764","slug":"ulverston","name":"Ulverston","countryCode":"GB","activeShowCount":0,"imminentShowCount":0,"liveStatusConfidence":null,"brightness":0.0}},{"type":"Feature","geometry":{"type":"Point","coordinates":[0.709148,52.245855]},"properties":{"id":"city-765","slug":"bury-st-edmunds","name":"Bury St Edmunds","countryCode":"GB","activeShowCount":0,"imminentShowCount":0,"liveStatusConfidence":null,"brightness":0.0}},{"type":"Feature","geometry":{"type":"Point","coordinates":[-1.133057,53.519232]},"properties":{"id":"city-766","slug":"doncaster","name":"Doncaster","countryCode":"GB","activeShowCount":0,"imminentShowCount":0,"liveStatusConfidence":null,"brightness":0.0}},{"type":"Feature","geometry":{"type":"Point","coordinates":[-2.88877,56.64656]},"properties":{"id":"city-767","slug":"forfar","name":"Forfar","countryCode":"GB","activeShowCount":0,"imminentShowCount":0,"liveStatusConfidence":null,"brightness":0.0}},{"type":"Feature","geometry":{"type":"Point","coordinates":[-6.342206,54.173222]},"properties":{"id":"city-768","slug":"newry","name":"Newry","countryCode":"GB","activeShowCount":0,"imminentShowCount":0,"liveStatusConfidence":null,"brightness":0.0}},{"type":"Feature","geometry":{"type":"Point","coordinates":[-1.45069,55.046455]},"properties":{"id":"city-769","slug":"whitley-bay","name":"Whitley Bay","countryCode":"GB","activeShowCount":0,"imminentShowCount":0,"liveStatusConfidence":null,"brightness":0.0}},{"type":"Feature","geometry":{"type":"Point","coordinates":[-1.800462,51.070294]},"properties":{"id":"city-770","slug":"salisbury","name":"Salisbury","countryCode":"GB","activeShowCount":0,"imminentShowCount":0,"liveStatusConfidence":null,"brightness":0.0}},{"type":"Feature","geometry":{"type":"Point","coordinates":[-5.535585,50.118271]},"properties":{"id":"city-771","slug":"cornwall","name":"Cornwall","countryCode":"GB","activeShowCount":0,"imminentShowCount":0,"liveStatusConfidence":null,"brightness":0.0}},{"type":"Feature","geometry":{"type":"Point","coordinates":[-4.3056,51.856782]},"properties":{"id":"city-772","slug":"carmarthenshire","name":"Carmarthenshire","countryCode":"GB","activeShowCount":0,"imminentShowCount":0,"liveStatusConfidence":null,"brightness":0.0}},{"type":"Feature","geometry":{"type":"Point","coordinates":[0.650681,51.565794]},"properties":{"id":"city-773","slug":"southend-on-sea","name":"Southend on Sea","countryCode":"GB","activeShowCount":0,"imminentShowCount":0,"liveStatusConfidence":null,"brightness":0.0}},{"type":"Feature","geometry":{"type":"Point","coordinates":[-2.147681,52.457254]},"properties":{"id":"city-774","slug":"stourbridge","name":"Stourbridge","countryCode":"GB","activeShowCount":0,"imminentShowCount":0,"liveStatusConfidence":null,"brightness":0.0}},{"type":"Feature","geometry":{"type":"Point","coordinates":[-0.322804,51.064145]},"properties":{"id":"city-775","slug":"horsham","name":"Horsham","countryCode":"GB","activeShowCount":0,"imminentShowCount":0,"liveStatusConfidence":null,"brightness":0.0}},{"type":"Feature","geometry":{"type":"Point","coordinates":[-2.245005,51.865031]},"properties":{"id":"city-776","slug":"gloucester","name":"Gloucester","countryCode":"GB","activeShowCount":0,"imminentShowCount":0,"liveStatusConfidence":null,"brightness":0.0}},{"type":"Feature","geometry":{"type":"Point","coordinates":[-1.757258,53.791629]},"properties":{"id":"city-777","slug":"yorkshire","name":"Yorkshire","countryCode":"GB","activeShowCount":0,"imminentShowCount":0,"liveStatusConfidence":null,"brightness":0.0}},{"type":"Feature","geometry":{"type":"Point","coordinates":[-2.32678,52.110666]},"properties":{"id":"city-778","slug":"worcestershire","name":"Worcestershire","countryCode":"GB","activeShowCount":0,"imminentShowCount":0,"liveStatusConfidence":null,"brightness":0.0}},{"type":"Feature","geometry":{"type":"Point","coordinates":[-2.992925,51.587607]},"properties":{"id":"city-779","slug":"newport","name":"Newport","countryCode":"GB","activeShowCount":0,"imminentShowCount":0,"liveStatusConfidence":null,"brightness":0.0}},{"type":"Feature","geometry":{"type":"Point","coordinates":[-2.07572,52.56657]},"properties":{"id":"city-780","slug":"bilston","name":"Bilston","countryCode":"GB","activeShowCount":0,"imminentShowCount":0,"liveStatusConfidence":null,"brightness":0.0}},{"type":"Feature","geometry":{"type":"Point","coordinates":[-1.940798,52.091092]},"properties":{"id":"city-781","slug":"evesham","name":"Evesham","countryCode":"GB","activeShowCount":0,"imminentShowCount":0,"liveStatusConfidence":null,"brightness":0.0}},{"type":"Feature","geometry":{"type":"Point","coordinates":[-2.10269,54.97084]},"properties":{"id":"city-782","slug":"hexham","name":"Hexham","countryCode":"GB","activeShowCount":0,"imminentShowCount":0,"liveStatusConfidence":null,"brightness":0.0}},{"type":"Feature","geometry":{"type":"Point","coordinates":[-1.70277,55.41203]},"properties":{"id":"city-783","slug":"alnwick","name":"Alnwick","countryCode":"GB","activeShowCount":0,"imminentShowCount":0,"liveStatusConfidence":null,"brightness":0.0}},{"type":"Feature","geometry":{"type":"Point","coordinates":[-0.095804,51.372525]},"properties":{"id":"city-784","slug":"croydon","name":"Croydon","countryCode":"GB","activeShowCount":0,"imminentShowCount":0,"liveStatusConfidence":null,"brightness":0.0}},{"type":"Feature","geometry":{"type":"Point","coordinates":[-2.718017,52.062449]},"properties":{"id":"city-785","slug":"hereford","name":"Hereford","countryCode":"GB","activeShowCount":0,"imminentShowCount":0,"liveStatusConfidence":null,"brightness":0.0}},{"type":"Feature","geometry":{"type":"Point","coordinates":[-0.007698,54.346908]},"properties":{"id":"city-786","slug":"kendal","name":"Kendal","countryCode":"GB","activeShowCount":0,"imminentShowCount":0,"liveStatusConfidence":null,"brightness":0.0}},{"type":"Feature","geometry":{"type":"Point","coordinates":[-2.978937,51.350809]},"properties":{"id":"city-787","slug":"weston-super-mare","name":"Weston-Super-Mare","countryCode":"GB","activeShowCount":0,"imminentShowCount":0,"liveStatusConfidence":null,"brightness":0.0}},{"type":"Feature","geometry":{"type":"Point","coordinates":[0.344261,53.14372]},"properties":{"id":"city-788","slug":"skegness","name":"Skegness","countryCode":"GB","activeShowCount":0,"imminentShowCount":0,"liveStatusConfidence":null,"brightness":0.0}},{"type":"Feature","geometry":{"type":"Point","coordinates":[-1.178784,50.627662]},"properties":{"id":"city-789","slug":"isle-of-wight","name":"Isle of Wight","countryCode":"GB","activeShowCount":0,"imminentShowCount":0,"liveStatusConfidence":null,"brightness":0.0}},{"type":"Feature","geometry":{"type":"Point","coordinates":[-0.479248,52.652774]},"properties":{"id":"city-790","slug":"stamford","name":"Stamford","countryCode":"GB","activeShowCount":0,"imminentShowCount":0,"liveStatusConfidence":null,"brightness":0.0}},{"type":"Feature","geometry":{"type":"Point","coordinates":[-2.791402,56.339085]},"properties":{"id":"city-791","slug":"saint-andrews","name":"Saint Andrews","countryCode":"GB","activeShowCount":0,"imminentShowCount":0,"liveStatusConfidence":null,"brightness":0.0}},{"type":"Feature","geometry":{"type":"Point","coordinates":[-1.351903,53.431091]},"properties":{"id":"city-792","slug":"rotherham","name":"Rotherham","countryCode":"GB","activeShowCount":0,"imminentShowCount":0,"liveStatusConfidence":null,"brightness":0.0}},{"type":"Feature","geometry":{"type":"Point","coordinates":[-2.714648,51.812576]},"properties":{"id":"city-793","slug":"monmouth","name":"Monmouth","countryCode":"GB","activeShowCount":0,"imminentShowCount":0,"liveStatusConfidence":null,"brightness":0.0}},{"type":"Feature","geometry":{"type":"Point","coordinates":[-4.487615,54.146518]},"properties":{"id":"city-794","slug":"isle-of-man","name":"Isle of Man","countryCode":"GB","activeShowCount":0,"imminentShowCount":0,"liveStatusConfidence":null,"brightness":0.0}},{"type":"Feature","geometry":{"type":"Point","coordinates":[-84.507227,39.101621]},"properties":{"id":"city-795","slug":"cincinnati","name":"Cincinnati","countryCode":"US","activeShowCount":0,"imminentShowCount":0,"liveStatusConfidence":null,"brightness":0.0}},{"type":"Feature","geometry":{"type":"Point","coordinates":[-84.499149,38.049502]},"properties":{"id":"city-796","slug":"lexington","name":"Lexington","countryCode":"US","activeShowCount":0,"imminentShowCount":0,"liveStatusConfidence":null,"brightness":0.0}},{"type":"Feature","geometry":{"type":"Point","coordinates":[-81.935307,34.956718]},"properties":{"id":"city-797","slug":"spartanburg","name":"Spartanburg","countryCode":"US","activeShowCount":0,"imminentShowCount":0,"liveStatusConfidence":null,"brightness":0.0}},{"type":"Feature","geometry":{"type":"Point","coordinates":[-80.069504,26.7174]},"properties":{"id":"city-798","slug":"west-palm-beach","name":"West Palm Beach","countryCode":"US","activeShowCount":0,"imminentShowCount":0,"liveStatusConfidence":null,"brightness":0.0}},{"type":"Feature","geometry":{"type":"Point","coordinates":[-81.526611,41.35003]},"properties":{"id":"city-799","slug":"northfield","name":"Northfield","countryCode":"US","activeShowCount":0,"imminentShowCount":0,"liveStatusConfidence":null,"brightness":0.0}},{"type":"Feature","geometry":{"type":"Point","coordinates":[-80.136172,26.134246]},"properties":{"id":"city-800","slug":"ft-lauderdale","name":"Ft Lauderdale","countryCode":"US","activeShowCount":0,"imminentShowCount":0,"liveStatusConfidence":null,"brightness":0.0}},{"type":"Feature","geometry":{"type":"Point","coordinates":[-77.061339,38.839787]},"properties":{"id":"city-801","slug":"alexandria","name":"Alexandria","countryCode":"US","activeShowCount":0,"imminentShowCount":0,"liveStatusConfidence":null,"brightness":0.0}},{"type":"Feature","geometry":{"type":"Point","coordinates":[-86.593264,34.718846]},"properties":{"id":"city-802","slug":"huntsville","name":"Huntsville","countryCode":"US","activeShowCount":0,"imminentShowCount":0,"liveStatusConfidence":null,"brightness":0.0}},{"type":"Feature","geometry":{"type":"Point","coordinates":[-88.16302,43.03523]},"properties":{"id":"city-803","slug":"brookfield","name":"Brookfield","countryCode":"US","activeShowCount":0,"imminentShowCount":0,"liveStatusConfidence":null,"brightness":0.0}},{"type":"Feature","geometry":{"type":"Point","coordinates":[-83.953257,43.497086]},"properties":{"id":"city-804","slug":"saginaw","name":"Saginaw","countryCode":"US","activeShowCount":0,"imminentShowCount":0,"liveStatusConfidence":null,"brightness":0.0}},{"type":"Feature","geometry":{"type":"Point","coordinates":[-118.340202,34.101772]},"properties":{"id":"city-805","slug":"hollywood","name":"Hollywood","countryCode":"US","activeShowCount":0,"imminentShowCount":0,"liveStatusConfidence":null,"brightness":0.0}},{"type":"Feature","geometry":{"type":"Point","coordinates":[-80.08569,26.35289]},"properties":{"id":"city-806","slug":"boca-raton","name":"Boca Raton","countryCode":"US","activeShowCount":0,"imminentShowCount":0,"liveStatusConfidence":null,"brightness":0.0}},{"type":"Feature","geometry":{"type":"Point","coordinates":[-98.492723,29.506241]},"properties":{"id":"city-807","slug":"san-antonio","name":"San Antonio","countryCode":"US","activeShowCount":0,"imminentShowCount":0,"liveStatusConfidence":null,"brightness":0.0}},{"type":"Feature","geometry":{"type":"Point","coordinates":[-77.852362,39.297168]},"properties":{"id":"city-808","slug":"charles-town","name":"Charles Town","countryCode":"US","activeShowCount":0,"imminentShowCount":0,"liveStatusConfidence":null,"brightness":0.0}},{"type":"Feature","geometry":{"type":"Point","coordinates":[-97.107349,32.68074]},"properties":{"id":"city-809","slug":"arlington","name":"Arlington","countryCode":"US","activeShowCount":0,"imminentShowCount":0,"liveStatusConfidence":null,"brightness":0.0}},{"type":"Feature","geometry":{"type":"Point","coordinates":[-78.902225,35.993306]},"properties":{"id":"city-811","slug":"durham","name":"Durham","countryCode":"US","activeShowCount":0,"imminentShowCount":0,"liveStatusConfidence":null,"brightness":0.0}},{"type":"Feature","geometry":{"type":"Point","coordinates":[-88.035151,42.045532]},"properties":{"id":"city-812","slug":"schaumburg","name":"Schaumburg","countryCode":"US","activeShowCount":0,"imminentShowCount":0,"liveStatusConfidence":null,"brightness":0.0}},{"type":"Feature","geometry":{"type":"Point","coordinates":[-96.82502,32.95394]},"properties":{"id":"city-813","slug":"addison","name":"Addison","countryCode":"US","activeShowCount":0,"imminentShowCount":0,"liveStatusConfidence":null,"brightness":0.0}},{"type":"Feature","geometry":{"type":"Point","coordinates":[-95.67285,39.048406]},"properties":{"id":"city-814","slug":"topeka","name":"Topeka","countryCode":"US","activeShowCount":0,"imminentShowCount":0,"liveStatusConfidence":null,"brightness":0.0}},{"type":"Feature","geometry":{"type":"Point","coordinates":[-72.587027,42.100016]},"properties":{"id":"city-815","slug":"springfield","name":"Springfield","countryCode":"US","activeShowCount":0,"imminentShowCount":0,"liveStatusConfidence":null,"brightness":0.0}},{"type":"Feature","geometry":{"type":"Point","coordinates":[-75.359982,40.615582]},"properties":{"id":"city-817","slug":"bethlehem","name":"Bethlehem","countryCode":"US","activeShowCount":0,"imminentShowCount":0,"liveStatusConfidence":null,"brightness":0.0}},{"type":"Feature","geometry":{"type":"Point","coordinates":[-74.428708,39.369066]},"properties":{"id":"city-818","slug":"atlantic-city","name":"Atlantic City","countryCode":"US","activeShowCount":0,"imminentShowCount":0,"liveStatusConfidence":null,"brightness":0.0}},{"type":"Feature","geometry":{"type":"Point","coordinates":[-83.291887,42.637121]},"properties":{"id":"city-819","slug":"pontiac","name":"Pontiac","countryCode":"US","activeShowCount":0,"imminentShowCount":0,"liveStatusConfidence":null,"brightness":0.0}},{"type":"Feature","geometry":{"type":"Point","coordinates":[-96.93776,32.86581]},"properties":{"id":"city-820","slug":"irving","name":"Irving","countryCode":"US","activeShowCount":0,"imminentShowCount":0,"liveStatusConfidence":null,"brightness":0.0}},{"type":"Feature","geometry":{"type":"Point","coordinates":[-71.975699,41.448923]},"properties":{"id":"city-821","slug":"mashantucket","name":"Mashantucket","countryCode":"US","activeShowCount":0,"imminentShowCount":0,"liveStatusConfidence":null,"brightness":0.0}},{"type":"Feature","geometry":{"type":"Point","coordinates":[-122.27006,37.807718]},"properties":{"id":"city-822","slug":"oakland","name":"Oakland","countryCode":"US","activeShowCount":0,"imminentShowCount":0,"liveStatusConfidence":null,"brightness":0.0}},{"type":"Feature","geometry":{"type":"Point","coordinates":[-106.647195,35.086163]},"properties":{"id":"city-824","slug":"albuquerque","name":"Albuquerque","countryCode":"US","activeShowCount":0,"imminentShowCount":0,"liveStatusConfidence":null,"brightness":0.0}},{"type":"Feature","geometry":{"type":"Point","coordinates":[-78.89094,35.849107]},"properties":{"id":"city-826","slug":"cary","name":"Cary","countryCode":"US","activeShowCount":0,"imminentShowCount":0,"liveStatusConfidence":null,"brightness":0.0}},{"type":"Feature","geometry":{"type":"Point","coordinates":[-117.744924,33.652275]},"properties":{"id":"city-827","slug":"irvine","name":"Irvine","countryCode":"US","activeShowCount":0,"imminentShowCount":0,"liveStatusConfidence":null,"brightness":0.0}},{"type":"Feature","geometry":{"type":"Point","coordinates":[-96.407236,42.494671]},"properties":{"id":"city-828","slug":"sioux-city","name":"Sioux City","countryCode":"US","activeShowCount":0,"imminentShowCount":0,"liveStatusConfidence":null,"brightness":0.0}},{"type":"Feature","geometry":{"type":"Point","coordinates":[-85.305659,35.048047]},"properties":{"id":"city-829","slug":"chattanooga","name":"Chattanooga","countryCode":"US","activeShowCount":0,"imminentShowCount":0,"liveStatusConfidence":null,"brightness":0.0}},{"type":"Feature","geometry":{"type":"Point","coordinates":[-115.173589,36.11247]},"properties":{"id":"city-830","slug":"las-vegas","name":"Las Vegas","countryCode":"US","activeShowCount":0,"imminentShowCount":0,"liveStatusConfidence":null,"brightness":0.0}},{"type":"Feature","geometry":{"type":"Point","coordinates":[-121.417411,38.595283]},"properties":{"id":"city-831","slug":"sacramento","name":"Sacramento","countryCode":"US","activeShowCount":0,"imminentShowCount":0,"liveStatusConfidence":null,"brightness":0.0}},{"type":"Feature","geometry":{"type":"Point","coordinates":[-121.887954,37.335634]},"properties":{"id":"city-832","slug":"san-jose","name":"San Jose","countryCode":"US","activeShowCount":0,"imminentShowCount":0,"liveStatusConfidence":null,"brightness":0.0}},{"type":"Feature","geometry":{"type":"Point","coordinates":[-117.550029,34.074345]},"properties":{"id":"city-833","slug":"ontario","name":"Ontario","countryCode":"US","activeShowCount":0,"imminentShowCount":0,"liveStatusConfidence":null,"brightness":0.0}},{"type":"Feature","geometry":{"type":"Point","coordinates":[-117.1059,33.455577]},"properties":{"id":"city-834","slug":"temecula","name":"Temecula","countryCode":"US","activeShowCount":0,"imminentShowCount":0,"liveStatusConfidence":null,"brightness":0.0}},{"type":"Feature","geometry":{"type":"Point","coordinates":[-119.815314,39.530692]},"properties":{"id":"city-835","slug":"reno","name":"Reno","countryCode":"US","activeShowCount":0,"imminentShowCount":0,"liveStatusConfidence":null,"brightness":0.0}},{"type":"Feature","geometry":{"type":"Point","coordinates":[-116.407947,33.81399]},"properties":{"id":"city-837","slug":"rancho-mirage","name":"Rancho Mirage","countryCode":"US","activeShowCount":0,"imminentShowCount":0,"liveStatusConfidence":null,"brightness":0.0}},{"type":"Feature","geometry":{"type":"Point","coordinates":[-157.8271,21.27724]},"properties":{"id":"city-838","slug":"honolulu","name":"Honolulu","countryCode":"US","activeShowCount":0,"imminentShowCount":0,"liveStatusConfidence":null,"brightness":0.0}},{"type":"Feature","geometry":{"type":"Point","coordinates":[-118.12405,33.88378]},"properties":{"id":"city-839","slug":"bellflower","name":"Bellflower","countryCode":"US","activeShowCount":0,"imminentShowCount":0,"liveStatusConfidence":null,"brightness":0.0}},{"type":"Feature","geometry":{"type":"Point","coordinates":[-83.917015,35.962335]},"properties":{"id":"city-840","slug":"knoxville","name":"Knoxville","countryCode":"US","activeShowCount":0,"imminentShowCount":0,"liveStatusConfidence":null,"brightness":0.0}},{"type":"Feature","geometry":{"type":"Point","coordinates":[-73.978935,40.692538]},"properties":{"id":"city-841","slug":"brooklyn","name":"Brooklyn","countryCode":"US","activeShowCount":0,"imminentShowCount":0,"liveStatusConfidence":null,"brightness":0.0}},{"type":"Feature","geometry":{"type":"Point","coordinates":[-74.07022,40.349071]},"properties":{"id":"city-842","slug":"red-bank","name":"Red Bank","countryCode":"US","activeShowCount":0,"imminentShowCount":0,"liveStatusConfidence":null,"brightness":0.0}},{"type":"Feature","geometry":{"type":"Point","coordinates":[-74.16809,40.739502]},"properties":{"id":"city-843","slug":"newark","name":"Newark","countryCode":"US","activeShowCount":0,"imminentShowCount":0,"liveStatusConfidence":null,"brightness":0.0}},{"type":"Feature","geometry":{"type":"Point","coordinates":[-111.86569,33.538596]},"properties":{"id":"city-844","slug":"scottsdale","name":"Scottsdale","countryCode":"US","activeShowCount":0,"imminentShowCount":0,"liveStatusConfidence":null,"brightness":0.0}},{"type":"Feature","geometry":{"type":"Point","coordinates":[-90.055029,35.140108]},"properties":{"id":"city-845","slug":"memphis","name":"Memphis","countryCode":"US","activeShowCount":0,"imminentShowCount":0,"liveStatusConfidence":null,"brightness":0.0}},{"type":"Feature","geometry":{"type":"Point","coordinates":[-89.984424,32.2833]},"properties":{"id":"city-846","slug":"brandon","name":"Brandon","countryCode":"US","activeShowCount":0,"imminentShowCount":0,"liveStatusConfidence":null,"brightness":0.0}},{"type":"Feature","geometry":{"type":"Point","coordinates":[-80.799601,35.226295]},"properties":{"id":"city-847","slug":"charlotte","name":"Charlotte","countryCode":"US","activeShowCount":0,"imminentShowCount":0,"liveStatusConfidence":null,"brightness":0.0}},{"type":"Feature","geometry":{"type":"Point","coordinates":[-73.425911,40.869697]},"properties":{"id":"city-848","slug":"huntington","name":"Huntington","countryCode":"US","activeShowCount":0,"imminentShowCount":0,"liveStatusConfidence":null,"brightness":0.0}},{"type":"Feature","geometry":{"type":"Point","coordinates":[-77.401927,37.227928]},"properties":{"id":"city-849","slug":"petersburg","name":"Petersburg","countryCode":"US","activeShowCount":0,"imminentShowCount":0,"liveStatusConfidence":null,"brightness":0.0}},{"type":"Feature","geometry":{"type":"Point","coordinates":[-97.335466,37.688121]},"properties":{"id":"city-850","slug":"wichita","name":"Wichita","countryCode":"US","activeShowCount":0,"imminentShowCount":0,"liveStatusConfidence":null,"brightness":0.0}},{"type":"Feature","geometry":{"type":"Point","coordinates":[-117.897147,33.919902]},"properties":{"id":"city-851","slug":"brea","name":"Brea","countryCode":"US","activeShowCount":0,"imminentShowCount":0,"liveStatusConfidence":null,"brightness":0.0}},{"type":"Feature","geometry":{"type":"Point","coordinates":[-81.662448,30.325]},"properties":{"id":"city-852","slug":"jacksonville","name":"Jacksonville","countryCode":"US","activeShowCount":0,"imminentShowCount":0,"liveStatusConfidence":null,"brightness":0.0}},{"type":"Feature","geometry":{"type":"Point","coordinates":[-80.041138,37.284113]},"properties":{"id":"city-853","slug":"salem","name":"Salem","countryCode":"US","activeShowCount":0,"imminentShowCount":0,"liveStatusConfidence":null,"brightness":0.0}},{"type":"Feature","geometry":{"type":"Point","coordinates":[-81.51972,41.080546]},"properties":{"id":"city-854","slug":"akron","name":"Akron","countryCode":"US","activeShowCount":0,"imminentShowCount":0,"liveStatusConfidence":null,"brightness":0.0}},{"type":"Feature","geometry":{"type":"Point","coordinates":[-78.493952,38.038272]},"properties":{"id":"city-855","slug":"charlottesville","name":"Charlottesville","countryCode":"US","activeShowCount":0,"imminentShowCount":0,"liveStatusConfidence":null,"brightness":0.0}},{"type":"Feature","geometry":{"type":"Point","coordinates":[-73.957775,41.098096]},"properties":{"id":"city-856","slug":"west-nyack","name":"West Nyack","countryCode":"US","activeShowCount":0,"imminentShowCount":0,"liveStatusConfidence":null,"brightness":0.0}},{"type":"Feature","geometry":{"type":"Point","coordinates":[-71.123041,42.396646]},"properties":{"id":"city-857","slug":"somerville","name":"Somerville","countryCode":"US","activeShowCount":0,"imminentShowCount":0,"liveStatusConfidence":null,"brightness":0.0}},{"type":"Feature","geometry":{"type":"Point","coordinates":[-72.846188,41.44866]},"properties":{"id":"city-858","slug":"wallingford","name":"Wallingford","countryCode":"US","activeShowCount":0,"imminentShowCount":0,"liveStatusConfidence":null,"brightness":0.0}},{"type":"Feature","geometry":{"type":"Point","coordinates":[-71.13772,41.76971]},"properties":{"id":"city-859","slug":"somerset","name":"Somerset","countryCode":"US","activeShowCount":0,"imminentShowCount":0,"liveStatusConfidence":null,"brightness":0.0}},{"type":"Feature","geometry":{"type":"Point","coordinates":[-93.753471,32.507824]},"properties":{"id":"city-860","slug":"shreveport","name":"Shreveport","countryCode":"US","activeShowCount":0,"imminentShowCount":0,"liveStatusConfidence":null,"brightness":0.0}},{"type":"Feature","geometry":{"type":"Point","coordinates":[-87.830838,42.362764]},"properties":{"id":"city-861","slug":"waukegan","name":"Waukegan","countryCode":"US","activeShowCount":0,"imminentShowCount":0,"liveStatusConfidence":null,"brightness":0.0}},{"type":"Feature","geometry":{"type":"Point","coordinates":[-119.170799,34.230202]},"properties":{"id":"city-862","slug":"oxnard","name":"Oxnard","countryCode":"US","activeShowCount":0,"imminentShowCount":0,"liveStatusConfidence":null,"brightness":0.0}},{"type":"Feature","geometry":{"type":"Point","coordinates":[-118.3436,33.94982]},"properties":{"id":"city-863","slug":"inglewood","name":"Inglewood","countryCode":"US","activeShowCount":0,"imminentShowCount":0,"liveStatusConfidence":null,"brightness":0.0}},{"type":"Feature","geometry":{"type":"Point","coordinates":[-82.349749,29.65212]},"properties":{"id":"city-864","slug":"gainesville","name":"Gainesville","countryCode":"US","activeShowCount":0,"imminentShowCount":0,"liveStatusConfidence":null,"brightness":0.0}},{"type":"Feature","geometry":{"type":"Point","coordinates":[-73.539543,41.050783]},"properties":{"id":"city-865","slug":"stamford","name":"Stamford","countryCode":"US","activeShowCount":0,"imminentShowCount":0,"liveStatusConfidence":null,"brightness":0.0}},{"type":"Feature","geometry":{"type":"Point","coordinates":[-73.560553,40.775171]},"properties":{"id":"city-866","slug":"westbury","name":"Westbury","countryCode":"US","activeShowCount":0,"imminentShowCount":0,"liveStatusConfidence":null,"brightness":0.0}},{"type":"Feature","geometry":{"type":"Point","coordinates":[-82.632401,27.767075]},"properties":{"id":"city-867","slug":"st-petersburg","name":"St Petersburg","countryCode":"US","activeShowCount":0,"imminentShowCount":0,"liveStatusConfidence":null,"brightness":0.0}},{"type":"Feature","geometry":{"type":"Point","coordinates":[-83.741911,42.279402]},"properties":{"id":"city-868","slug":"ann-arbor","name":"Ann Arbor","countryCode":"US","activeShowCount":0,"imminentShowCount":0,"liveStatusConfidence":null,"brightness":0.0}},{"type":"Feature","geometry":{"type":"Point","coordinates":[-73.665449,41.001346]},"properties":{"id":"city-869","slug":"port-chester","name":"Port Chester","countryCode":"US","activeShowCount":0,"imminentShowCount":0,"liveStatusConfidence":null,"brightness":0.0}},{"type":"Feature","geometry":{"type":"Point","coordinates":[-87.21506,30.411429]},"properties":{"id":"city-870","slug":"pensacola","name":"Pensacola","countryCode":"US","activeShowCount":0,"imminentShowCount":0,"liveStatusConfidence":null,"brightness":0.0}},{"type":"Feature","geometry":{"type":"Point","coordinates":[-74.077484,40.642284]},"properties":{"id":"city-871","slug":"staten-island","name":"Staten Island","countryCode":"US","activeShowCount":0,"imminentShowCount":0,"liveStatusConfidence":null,"brightness":0.0}},{"type":"Feature","geometry":{"type":"Point","coordinates":[-79.057772,43.085694]},"properties":{"id":"city-872","slug":"niagara-falls","name":"Niagara Falls","countryCode":"US","activeShowCount":0,"imminentShowCount":0,"liveStatusConfidence":null,"brightness":0.0}},{"type":"Feature","geometry":{"type":"Point","coordinates":[-77.09464,38.98739]},"properties":{"id":"city-873","slug":"bethesda","name":"Bethesda","countryCode":"US","activeShowCount":0,"imminentShowCount":0,"liveStatusConfidence":null,"brightness":0.0}},{"type":"Feature","geometry":{"type":"Point","coordinates":[-93.051588,34.508941]},"properties":{"id":"city-874","slug":"hot-springs","name":"Hot Springs","countryCode":"US","activeShowCount":0,"imminentShowCount":0,"liveStatusConfidence":null,"brightness":0.0}},{"type":"Feature","geometry":{"type":"Point","coordinates":[-97.365821,32.745713]},"properties":{"id":"city-875","slug":"fort-worth","name":"Fort Worth","countryCode":"US","activeShowCount":0,"imminentShowCount":0,"liveStatusConfidence":null,"brightness":0.0}},{"type":"Feature","geometry":{"type":"Point","coordinates":[-111.04592,45.68528]},"properties":{"id":"city-876","slug":"bozeman","name":"Bozeman","countryCode":"US","activeShowCount":0,"imminentShowCount":0,"liveStatusConfidence":null,"brightness":0.0}},{"type":"Feature","geometry":{"type":"Point","coordinates":[-108.561516,39.067]},"properties":{"id":"city-877","slug":"grand-junction","name":"Grand Junction","countryCode":"US","activeShowCount":0,"imminentShowCount":0,"liveStatusConfidence":null,"brightness":0.0}},{"type":"Feature","geometry":{"type":"Point","coordinates":[-90.257305,38.642712]},"properties":{"id":"city-878","slug":"saint-louis","name":"Saint Louis","countryCode":"US","activeShowCount":0,"imminentShowCount":0,"liveStatusConfidence":null,"brightness":0.0}},{"type":"Feature","geometry":{"type":"Point","coordinates":[-77.829322,42.945834]},"properties":{"id":"city-879","slug":"buffalo","name":"Buffalo","countryCode":"US","activeShowCount":0,"imminentShowCount":0,"liveStatusConfidence":null,"brightness":0.0}},{"type":"Feature","geometry":{"type":"Point","coordinates":[-92.326964,38.953375]},"properties":{"id":"city-880","slug":"columbia","name":"Columbia","countryCode":"US","activeShowCount":0,"imminentShowCount":0,"liveStatusConfidence":null,"brightness":0.0}},{"type":"Feature","geometry":{"type":"Point","coordinates":[-122.286417,38.298]},"properties":{"id":"city-881","slug":"napa","name":"Napa","countryCode":"US","activeShowCount":0,"imminentShowCount":0,"liveStatusConfidence":null,"brightness":0.0}},{"type":"Feature","geometry":{"type":"Point","coordinates":[-75.881811,41.245383]},"properties":{"id":"city-882","slug":"wilkes-barre","name":"Wilkes Barre","countryCode":"US","activeShowCount":0,"imminentShowCount":0,"liveStatusConfidence":null,"brightness":0.0}},{"type":"Feature","geometry":{"type":"Point","coordinates":[-83.137901,42.4907]},"properties":{"id":"city-883","slug":"royal-oak","name":"Royal Oak","countryCode":"US","activeShowCount":0,"imminentShowCount":0,"liveStatusConfidence":null,"brightness":0.0}},{"type":"Feature","geometry":{"type":"Point","coordinates":[-92.098818,46.779432]},"properties":{"id":"city-884","slug":"duluth","name":"Duluth","countryCode":"US","activeShowCount":0,"imminentShowCount":0,"liveStatusConfidence":null,"brightness":0.0}},{"type":"Feature","geometry":{"type":"Point","coordinates":[-118.849491,34.175071]},"properties":{"id":"city-885","slug":"thousand-oaks","name":"Thousand Oaks","countryCode":"US","activeShowCount":0,"imminentShowCount":0,"liveStatusConfidence":null,"brightness":0.0}},{"type":"Feature","geometry":{"type":"Point","coordinates":[-76.621342,39.289634]},"properties":{"id":"city-886","slug":"baltimore","name":"Baltimore","countryCode":"US","activeShowCount":0,"imminentShowCount":0,"liveStatusConfidence":null,"brightness":0.0}},{"type":"Feature","geometry":{"type":"Point","coordinates":[-86.312081,32.379101]},"properties":{"id":"city-887","slug":"montgomery","name":"Montgomery","countryCode":"US","activeShowCount":0,"imminentShowCount":0,"liveStatusConfidence":null,"brightness":0.0}},{"type":"Feature","geometry":{"type":"Point","coordinates":[-97.393543,27.808898]},"properties":{"id":"city-888","slug":"corpus-christi","name":"Corpus Christi","countryCode":"US","activeShowCount":0,"imminentShowCount":0,"liveStatusConfidence":null,"brightness":0.0}},{"type":"Feature","geometry":{"type":"Point","coordinates":[-83.537571,41.651038]},"properties":{"id":"city-889","slug":"toledo","name":"Toledo","countryCode":"US","activeShowCount":0,"imminentShowCount":0,"liveStatusConfidence":null,"brightness":0.0}},{"type":"Feature","geometry":{"type":"Point","coordinates":[-79.428093,36.571349]},"properties":{"id":"city-890","slug":"danville","name":"Danville","countryCode":"US","activeShowCount":0,"imminentShowCount":0,"liveStatusConfidence":null,"brightness":0.0}},{"type":"Feature","geometry":{"type":"Point","coordinates":[-92.109718,32.50265]},"properties":{"id":"city-891","slug":"monroe","name":"Monroe","countryCode":"US","activeShowCount":0,"imminentShowCount":0,"liveStatusConfidence":null,"brightness":0.0}},{"type":"Feature","geometry":{"type":"Point","coordinates":[-87.10938,37.775675]},"properties":{"id":"city-892","slug":"owensboro","name":"Owensboro","countryCode":"US","activeShowCount":0,"imminentShowCount":0,"liveStatusConfidence":null,"brightness":0.0}},{"type":"Feature","geometry":{"type":"Point","coordinates":[-88.892298,30.393029]},"properties":{"id":"city-893","slug":"biloxi","name":"Biloxi","countryCode":"US","activeShowCount":0,"imminentShowCount":0,"liveStatusConfidence":null,"brightness":0.0}},{"type":"Feature","geometry":{"type":"Point","coordinates":[-104.815697,38.832001]},"properties":{"id":"city-894","slug":"colorado-springs","name":"Colorado Springs","countryCode":"US","activeShowCount":0,"imminentShowCount":0,"liveStatusConfidence":null,"brightness":0.0}},{"type":"Feature","geometry":{"type":"Point","coordinates":[-110.969001,32.225101]},"properties":{"id":"city-895","slug":"tucson","name":"Tucson","countryCode":"US","activeShowCount":0,"imminentShowCount":0,"liveStatusConfidence":null,"brightness":0.0}},{"type":"Feature","geometry":{"type":"Point","coordinates":[-121.511833,39.052116]},"properties":{"id":"city-896","slug":"wheatland","name":"Wheatland","countryCode":"US","activeShowCount":0,"imminentShowCount":0,"liveStatusConfidence":null,"brightness":0.0}},{"type":"Feature","geometry":{"type":"Point","coordinates":[-120.342318,46.375069]},"properties":{"id":"city-897","slug":"toppenish","name":"Toppenish","countryCode":"US","activeShowCount":0,"imminentShowCount":0,"liveStatusConfidence":null,"brightness":0.0}},{"type":"Feature","geometry":{"type":"Point","coordinates":[-76.152513,43.047454]},"properties":{"id":"city-898","slug":"syracuse","name":"Syracuse","countryCode":"US","activeShowCount":0,"imminentShowCount":0,"liveStatusConfidence":null,"brightness":0.0}},{"type":"Feature","geometry":{"type":"Point","coordinates":[-76.648778,40.285105]},"properties":{"id":"city-899","slug":"hershey","name":"Hershey","countryCode":"US","activeShowCount":0,"imminentShowCount":0,"liveStatusConfidence":null,"brightness":0.0}},{"type":"Feature","geometry":{"type":"Point","coordinates":[-71.110201,42.417931]},"properties":{"id":"city-900","slug":"medford","name":"Medford","countryCode":"US","activeShowCount":0,"imminentShowCount":0,"liveStatusConfidence":null,"brightness":0.0}},{"type":"Feature","geometry":{"type":"Point","coordinates":[-77.855845,40.808644]},"properties":{"id":"city-901","slug":"university-park","name":"University Park","countryCode":"US","activeShowCount":0,"imminentShowCount":0,"liveStatusConfidence":null,"brightness":0.0}},{"type":"Feature","geometry":{"type":"Point","coordinates":[-98.259145,26.200545]},"properties":{"id":"city-902","slug":"mcallen","name":"McAllen","countryCode":"US","activeShowCount":0,"imminentShowCount":0,"liveStatusConfidence":null,"brightness":0.0}},{"type":"Feature","geometry":{"type":"Point","coordinates":[-83.631201,32.837381]},"properties":{"id":"city-903","slug":"macon","name":"Macon","countryCode":"US","activeShowCount":0,"imminentShowCount":0,"liveStatusConfidence":null,"brightness":0.0}},{"type":"Feature","geometry":{"type":"Point","coordinates":[-89.59264,40.691918]},"properties":{"id":"city-904","slug":"peoria","name":"Peoria","countryCode":"US","activeShowCount":0,"imminentShowCount":0,"liveStatusConfidence":null,"brightness":0.0}},{"type":"Feature","geometry":{"type":"Point","coordinates":[-118.189191,33.764882]},"properties":{"id":"city-905","slug":"long-beach","name":"Long Beach","countryCode":"US","activeShowCount":0,"imminentShowCount":0,"liveStatusConfidence":null,"brightness":0.0}},{"type":"Feature","geometry":{"type":"Point","coordinates":[-82.127644,33.543925]},"properties":{"id":"city-906","slug":"evans","name":"Evans","countryCode":"US","activeShowCount":0,"imminentShowCount":0,"liveStatusConfidence":null,"brightness":0.0}},{"type":"Feature","geometry":{"type":"Point","coordinates":[-117.2593,32.9963]},"properties":{"id":"city-907","slug":"solana-beach","name":"Solana Beach","countryCode":"US","activeShowCount":0,"imminentShowCount":0,"liveStatusConfidence":null,"brightness":0.0}},{"type":"Feature","geometry":{"type":"Point","coordinates":[-73.691376,42.730438]},"properties":{"id":"city-908","slug":"troy","name":"Troy","countryCode":"US","activeShowCount":0,"imminentShowCount":0,"liveStatusConfidence":null,"brightness":0.0}},{"type":"Feature","geometry":{"type":"Point","coordinates":[-109.010539,39.828381]},"properties":{"id":"city-909","slug":"lincoln","name":"Lincoln","countryCode":"US","activeShowCount":0,"imminentShowCount":0,"liveStatusConfidence":null,"brightness":0.0}},{"type":"Feature","geometry":{"type":"Point","coordinates":[-93.638339,41.588643]},"properties":{"id":"city-910","slug":"des-moines","name":"Des Moines","countryCode":"US","activeShowCount":0,"imminentShowCount":0,"liveStatusConfidence":null,"brightness":0.0}},{"type":"Feature","geometry":{"type":"Point","coordinates":[-117.509698,33.813958]},"properties":{"id":"city-911","slug":"corona","name":"Corona","countryCode":"US","activeShowCount":0,"imminentShowCount":0,"liveStatusConfidence":null,"brightness":0.0}},{"type":"Feature","geometry":{"type":"Point","coordinates":[-77.212058,38.925348]},"properties":{"id":"city-912","slug":"tysons","name":"Tysons","countryCode":"US","activeShowCount":0,"imminentShowCount":0,"liveStatusConfidence":null,"brightness":0.0}},{"type":"Feature","geometry":{"type":"Point","coordinates":[-74.10333,40.82711]},"properties":{"id":"city-913","slug":"rutherford","name":"Rutherford","countryCode":"US","activeShowCount":0,"imminentShowCount":0,"liveStatusConfidence":null,"brightness":0.0}},{"type":"Feature","geometry":{"type":"Point","coordinates":[-85.678886,40.104486]},"properties":{"id":"city-914","slug":"anderson","name":"Anderson","countryCode":"US","activeShowCount":0,"imminentShowCount":0,"liveStatusConfidence":null,"brightness":0.0}},{"type":"Feature","geometry":{"type":"Point","coordinates":[-80.021253,32.867483]},"properties":{"id":"city-915","slug":"north-charleston","name":"North Charleston","countryCode":"US","activeShowCount":0,"imminentShowCount":0,"liveStatusConfidence":null,"brightness":0.0}},{"type":"Feature","geometry":{"type":"Point","coordinates":[-88.344902,41.8433]},"properties":{"id":"city-916","slug":"batavia","name":"Batavia","countryCode":"US","activeShowCount":0,"imminentShowCount":0,"liveStatusConfidence":null,"brightness":0.0}},{"type":"Feature","geometry":{"type":"Point","coordinates":[-75.592926,43.111606]},"properties":{"id":"city-917","slug":"verona","name":"Verona","countryCode":"US","activeShowCount":0,"imminentShowCount":0,"liveStatusConfidence":null,"brightness":0.0}},{"type":"Feature","geometry":{"type":"Point","coordinates":[-97.329141,37.470383]},"properties":{"id":"city-918","slug":"mulvane","name":"Mulvane","countryCode":"US","activeShowCount":0,"imminentShowCount":0,"liveStatusConfidence":null,"brightness":0.0}},{"type":"Feature","geometry":{"type":"Point","coordinates":[-89.388708,43.075236]},"properties":{"id":"city-919","slug":"madison","name":"Madison","countryCode":"US","activeShowCount":0,"imminentShowCount":0,"liveStatusConfidence":null,"brightness":0.0}},{"type":"Feature","geometry":{"type":"Point","coordinates":[-70.811438,42.90703]},"properties":{"id":"city-920","slug":"hampton-beach","name":"Hampton Beach","countryCode":"US","activeShowCount":0,"imminentShowCount":0,"liveStatusConfidence":null,"brightness":0.0}},{"type":"Feature","geometry":{"type":"Point","coordinates":[-91.187512,30.444289]},"properties":{"id":"city-921","slug":"baton-rouge","name":"Baton Rouge","countryCode":"US","activeShowCount":0,"imminentShowCount":0,"liveStatusConfidence":null,"brightness":0.0}},{"type":"Feature","geometry":{"type":"Point","coordinates":[-87.746785,42.062541]},"properties":{"id":"city-923","slug":"skokie","name":"Skokie","countryCode":"US","activeShowCount":0,"imminentShowCount":0,"liveStatusConfidence":null,"brightness":0.0}},{"type":"Feature","geometry":{"type":"Point","coordinates":[-116.207386,43.606728]},"properties":{"id":"city-924","slug":"boise","name":"Boise","countryCode":"US","activeShowCount":0,"imminentShowCount":0,"liveStatusConfidence":null,"brightness":0.0}},{"type":"Feature","geometry":{"type":"Point","coordinates":[-111.848297,33.433998]},"properties":{"id":"city-925","slug":"mesa","name":"Mesa","countryCode":"US","activeShowCount":0,"imminentShowCount":0,"liveStatusConfidence":null,"brightness":0.0}},{"type":"Feature","geometry":{"type":"Point","coordinates":[-119.942696,38.960308]},"properties":{"id":"city-926","slug":"lake-tahoe","name":"Lake Tahoe","countryCode":"US","activeShowCount":0,"imminentShowCount":0,"liveStatusConfidence":null,"brightness":0.0}},{"type":"Feature","geometry":{"type":"Point","coordinates":[-82.642928,38.480194]},"properties":{"id":"city-927","slug":"ashland","name":"Ashland","countryCode":"US","activeShowCount":0,"imminentShowCount":0,"liveStatusConfidence":null,"brightness":0.0}},{"type":"Feature","geometry":{"type":"Point","coordinates":[-73.816343,40.738456]},"properties":{"id":"city-928","slug":"queens","name":"Queens","countryCode":"US","activeShowCount":0,"imminentShowCount":0,"liveStatusConfidence":null,"brightness":0.0}},{"type":"Feature","geometry":{"type":"Point","coordinates":[-74.004568,41.929119]},"properties":{"id":"city-929","slug":"kingston","name":"Kingston","countryCode":"US","activeShowCount":0,"imminentShowCount":0,"liveStatusConfidence":null,"brightness":0.0}},{"type":"Feature","geometry":{"type":"Point","coordinates":[-74.42094,41.44454]},"properties":{"id":"city-930","slug":"middletown","name":"Middletown","countryCode":"US","activeShowCount":0,"imminentShowCount":0,"liveStatusConfidence":null,"brightness":0.0}},{"type":"Feature","geometry":{"type":"Point","coordinates":[-95.931222,41.260143]},"properties":{"id":"city-931","slug":"omaha","name":"Omaha","countryCode":"US","activeShowCount":0,"imminentShowCount":0,"liveStatusConfidence":null,"brightness":0.0}},{"type":"Feature","geometry":{"type":"Point","coordinates":[-77.003002,38.791707]},"properties":{"id":"city-932","slug":"national-harbor","name":"National Harbor","countryCode":"US","activeShowCount":0,"imminentShowCount":0,"liveStatusConfidence":null,"brightness":0.0}},{"type":"Feature","geometry":{"type":"Point","coordinates":[-74.644334,40.323929]},"properties":{"id":"city-933","slug":"princeton","name":"Princeton","countryCode":"US","activeShowCount":0,"imminentShowCount":0,"liveStatusConfidence":null,"brightness":0.0}},{"type":"Feature","geometry":{"type":"Point","coordinates":[-81.966101,33.471204]},"properties":{"id":"city-934","slug":"augusta","name":"Augusta","countryCode":"US","activeShowCount":0,"imminentShowCount":0,"liveStatusConfidence":null,"brightness":0.0}},{"type":"Feature","geometry":{"type":"Point","coordinates":[-88.043814,30.690822]},"properties":{"id":"city-935","slug":"mobile","name":"Mobile","countryCode":"US","activeShowCount":0,"imminentShowCount":0,"liveStatusConfidence":null,"brightness":0.0}},{"type":"Feature","geometry":{"type":"Point","coordinates":[-94.436518,35.290163]},"properties":{"id":"city-936","slug":"pocola","name":"Pocola","countryCode":"US","activeShowCount":0,"imminentShowCount":0,"liveStatusConfidence":null,"brightness":0.0}},{"type":"Feature","geometry":{"type":"Point","coordinates":[-92.718273,44.574408]},"properties":{"id":"city-937","slug":"welch","name":"Welch","countryCode":"US","activeShowCount":0,"imminentShowCount":0,"liveStatusConfidence":null,"brightness":0.0}},{"type":"Feature","geometry":{"type":"Point","coordinates":[-116.95955,32.795625]},"properties":{"id":"city-938","slug":"el-cajon","name":"El Cajon","countryCode":"US","activeShowCount":0,"imminentShowCount":0,"liveStatusConfidence":null,"brightness":0.0}},{"type":"Feature","geometry":{"type":"Point","coordinates":[-116.54278,33.82575]},"properties":{"id":"city-939","slug":"palm-springs","name":"Palm Springs","countryCode":"US","activeShowCount":0,"imminentShowCount":0,"liveStatusConfidence":null,"brightness":0.0}},{"type":"Feature","geometry":{"type":"Point","coordinates":[-119.794567,36.738356]},"properties":{"id":"city-940","slug":"fresno","name":"Fresno","countryCode":"US","activeShowCount":0,"imminentShowCount":0,"liveStatusConfidence":null,"brightness":0.0}},{"type":"Feature","geometry":{"type":"Point","coordinates":[-106.442271,31.765721]},"properties":{"id":"city-941","slug":"el-paso","name":"El Paso","countryCode":"US","activeShowCount":0,"imminentShowCount":0,"liveStatusConfidence":null,"brightness":0.0}},{"type":"Feature","geometry":{"type":"Point","coordinates":[-90.509247,38.747765]},"properties":{"id":"city-942","slug":"saint-charles","name":"Saint Charles","countryCode":"US","activeShowCount":0,"imminentShowCount":0,"liveStatusConfidence":null,"brightness":0.0}},{"type":"Feature","geometry":{"type":"Point","coordinates":[-73.97511,40.895358]},"properties":{"id":"city-943","slug":"englewood","name":"Englewood","countryCode":"US","activeShowCount":0,"imminentShowCount":0,"liveStatusConfidence":null,"brightness":0.0}},{"type":"Feature","geometry":{"type":"Point","coordinates":[-83.134773,42.461839]},"properties":{"id":"city-944","slug":"ferndale","name":"Ferndale","countryCode":"US","activeShowCount":0,"imminentShowCount":0,"liveStatusConfidence":null,"brightness":0.0}},{"type":"Feature","geometry":{"type":"Point","coordinates":[-93.63722,42.017226]},"properties":{"id":"city-945","slug":"ames","name":"Ames","countryCode":"US","activeShowCount":0,"imminentShowCount":0,"liveStatusConfidence":null,"brightness":0.0}},{"type":"Feature","geometry":{"type":"Point","coordinates":[-88.081577,41.52606]},"properties":{"id":"city-946","slug":"joliet","name":"Joliet","countryCode":"US","activeShowCount":0,"imminentShowCount":0,"liveStatusConfidence":null,"brightness":0.0}},{"type":"Feature","geometry":{"type":"Point","coordinates":[-122.133066,37.708592]},"properties":{"id":"city-947","slug":"san-leandro","name":"San Leandro","countryCode":"US","activeShowCount":0,"imminentShowCount":0,"liveStatusConfidence":null,"brightness":0.0}},{"type":"Feature","geometry":{"type":"Point","coordinates":[-89.093001,42.273926]},"properties":{"id":"city-949","slug":"rockford","name":"Rockford","countryCode":"US","activeShowCount":0,"imminentShowCount":0,"liveStatusConfidence":null,"brightness":0.0}},{"type":"Feature","geometry":{"type":"Point","coordinates":[-77.588663,43.160902]},"properties":{"id":"city-950","slug":"rochester","name":"Rochester","countryCode":"US","activeShowCount":0,"imminentShowCount":0,"liveStatusConfidence":null,"brightness":0.0}},{"type":"Feature","geometry":{"type":"Point","coordinates":[-82.136301,29.19683]},"properties":{"id":"city-951","slug":"ocala","name":"Ocala","countryCode":"US","activeShowCount":0,"imminentShowCount":0,"liveStatusConfidence":null,"brightness":0.0}},{"type":"Feature","geometry":{"type":"Point","coordinates":[-73.61977,40.811926]},"properties":{"id":"city-952","slug":"brookville","name":"Brookville","countryCode":"US","activeShowCount":0,"imminentShowCount":0,"liveStatusConfidence":null,"brightness":0.0}},{"type":"Feature","geometry":{"type":"Point","coordinates":[-81.773585,41.477055]},"properties":{"id":"city-953","slug":"lakewood","name":"Lakewood","countryCode":"US","activeShowCount":0,"imminentShowCount":0,"liveStatusConfidence":null,"brightness":0.0}},{"type":"Feature","geometry":{"type":"Point","coordinates":[-95.75069,39.31573]},"properties":{"id":"city-954","slug":"mayetta","name":"Mayetta","countryCode":"US","activeShowCount":0,"imminentShowCount":0,"liveStatusConfidence":null,"brightness":0.0}},{"type":"Feature","geometry":{"type":"Point","coordinates":[-117.88624,33.803035]},"properties":{"id":"city-955","slug":"anaheim","name":"Anaheim","countryCode":"US","activeShowCount":0,"imminentShowCount":0,"liveStatusConfidence":null,"brightness":0.0}},{"type":"Feature","geometry":{"type":"Point","coordinates":[-85.005404,34.759433]},"properties":{"id":"city-956","slug":"dalton","name":"Dalton","countryCode":"US","activeShowCount":0,"imminentShowCount":0,"liveStatusConfidence":null,"brightness":0.0}},{"type":"Feature","geometry":{"type":"Point","coordinates":[-79.789603,36.075463]},"properties":{"id":"city-957","slug":"greensboro","name":"Greensboro","countryCode":"US","activeShowCount":0,"imminentShowCount":0,"liveStatusConfidence":null,"brightness":0.0}},{"type":"Feature","geometry":{"type":"Point","coordinates":[-79.972264,40.480855]},"properties":{"id":"city-958","slug":"millvale","name":"Millvale","countryCode":"US","activeShowCount":0,"imminentShowCount":0,"liveStatusConfidence":null,"brightness":0.0}},{"type":"Feature","geometry":{"type":"Point","coordinates":[-87.508245,41.693099]},"properties":{"id":"city-959","slug":"hammond","name":"Hammond","countryCode":"US","activeShowCount":0,"imminentShowCount":0,"liveStatusConfidence":null,"brightness":0.0}},{"type":"Feature","geometry":{"type":"Point","coordinates":[-119.647845,36.328357]},"properties":{"id":"city-960","slug":"hanford","name":"Hanford","countryCode":"US","activeShowCount":0,"imminentShowCount":0,"liveStatusConfidence":null,"brightness":0.0}},{"type":"Feature","geometry":{"type":"Point","coordinates":[-84.153649,31.57534]},"properties":{"id":"city-961","slug":"albany","name":"Albany","countryCode":"US","activeShowCount":0,"imminentShowCount":0,"liveStatusConfidence":null,"brightness":0.0}},{"type":"Feature","geometry":{"type":"Point","coordinates":[-84.794899,43.617199]},"properties":{"id":"city-962","slug":"mount-pleasant","name":"Mount Pleasant","countryCode":"US","activeShowCount":0,"imminentShowCount":0,"liveStatusConfidence":null,"brightness":0.0}},{"type":"Feature","geometry":{"type":"Point","coordinates":[-88.755798,41.888802]},"properties":{"id":"city-963","slug":"dekalb","name":"Dekalb","countryCode":"US","activeShowCount":0,"imminentShowCount":0,"liveStatusConfidence":null,"brightness":0.0}},{"type":"Feature","geometry":{"type":"Point","coordinates":[-94.004093,44.165687]},"properties":{"id":"city-964","slug":"mankato","name":"Mankato","countryCode":"US","activeShowCount":0,"imminentShowCount":0,"liveStatusConfidence":null,"brightness":0.0}},{"type":"Feature","geometry":{"type":"Point","coordinates":[-80.13314,25.792917]},"properties":{"id":"city-965","slug":"miami-beach","name":"Miami Beach","countryCode":"US","activeShowCount":0,"imminentShowCount":0,"liveStatusConfidence":null,"brightness":0.0}},{"type":"Feature","geometry":{"type":"Point","coordinates":[-80.323899,27.446732]},"properties":{"id":"city-966","slug":"fort-pierce","name":"Fort Pierce","countryCode":"US","activeShowCount":0,"imminentShowCount":0,"liveStatusConfidence":null,"brightness":0.0}},{"type":"Feature","geometry":{"type":"Point","coordinates":[-113.996127,46.869727]},"properties":{"id":"city-967","slug":"missoula","name":"Missoula","countryCode":"US","activeShowCount":0,"imminentShowCount":0,"liveStatusConfidence":null,"brightness":0.0}},{"type":"Feature","geometry":{"type":"Point","coordinates":[-75.912332,42.10094]},"properties":{"id":"city-969","slug":"binghamton","name":"Binghamton","countryCode":"US","activeShowCount":0,"imminentShowCount":0,"liveStatusConfidence":null,"brightness":0.0}},{"type":"Feature","geometry":{"type":"Point","coordinates":[-79.935701,37.27907]},"properties":{"id":"city-970","slug":"roanoke","name":"Roanoke","countryCode":"US","activeShowCount":0,"imminentShowCount":0,"liveStatusConfidence":null,"brightness":0.0}},{"type":"Feature","geometry":{"type":"Point","coordinates":[-92.274248,34.748642]},"properties":{"id":"city-971","slug":"little-rock","name":"Little Rock","countryCode":"US","activeShowCount":0,"imminentShowCount":0,"liveStatusConfidence":null,"brightness":0.0}},{"type":"Feature","geometry":{"type":"Point","coordinates":[-77.636398,37.615799]},"properties":{"id":"city-972","slug":"richmond","name":"Richmond","countryCode":"US","activeShowCount":0,"imminentShowCount":0,"liveStatusConfidence":null,"brightness":0.0}},{"type":"Feature","geometry":{"type":"Point","coordinates":[-93.8544,41.58096]},"properties":{"id":"city-973","slug":"waukee","name":"Waukee","countryCode":"US","activeShowCount":0,"imminentShowCount":0,"liveStatusConfidence":null,"brightness":0.0}},{"type":"Feature","geometry":{"type":"Point","coordinates":[-114.57522,35.15774]},"properties":{"id":"city-974","slug":"laughlin","name":"Laughlin","countryCode":"US","activeShowCount":0,"imminentShowCount":0,"liveStatusConfidence":null,"brightness":0.0}},{"type":"Feature","geometry":{"type":"Point","coordinates":[-122.722951,38.356785]},"properties":{"id":"city-975","slug":"rohnert-park","name":"Rohnert Park","countryCode":"US","activeShowCount":0,"imminentShowCount":0,"liveStatusConfidence":null,"brightness":0.0}},{"type":"Feature","geometry":{"type":"Point","coordinates":[-118.254562,34.148792]},"properties":{"id":"city-976","slug":"glendale","name":"Glendale","countryCode":"US","activeShowCount":0,"imminentShowCount":0,"liveStatusConfidence":null,"brightness":0.0}},{"type":"Feature","geometry":{"type":"Point","coordinates":[-122.196609,47.291617]},"properties":{"id":"city-978","slug":"auburn","name":"Auburn","countryCode":"US","activeShowCount":0,"imminentShowCount":0,"liveStatusConfidence":null,"brightness":0.0}},{"type":"Feature","geometry":{"type":"Point","coordinates":[-68.778278,44.788122]},"properties":{"id":"city-979","slug":"bangor","name":"Bangor","countryCode":"US","activeShowCount":0,"imminentShowCount":0,"liveStatusConfidence":null,"brightness":0.0}},{"type":"Feature","geometry":{"type":"Point","coordinates":[-75.348032,39.851086]},"properties":{"id":"city-981","slug":"chester","name":"Chester","countryCode":"US","activeShowCount":0,"imminentShowCount":0,"liveStatusConfidence":null,"brightness":0.0}},{"type":"Feature","geometry":{"type":"Point","coordinates":[-93.474992,44.729629]},"properties":{"id":"city-982","slug":"prior-lake","name":"Prior Lake","countryCode":"US","activeShowCount":0,"imminentShowCount":0,"liveStatusConfidence":null,"brightness":0.0}},{"type":"Feature","geometry":{"type":"Point","coordinates":[-80.225601,26.0688]},"properties":{"id":"city-983","slug":"fort-lauderdale","name":"Fort Lauderdale","countryCode":"US","activeShowCount":0,"imminentShowCount":0,"liveStatusConfidence":null,"brightness":0.0}},{"type":"Feature","geometry":{"type":"Point","coordinates":[-119.216582,46.219769]},"properties":{"id":"city-984","slug":"kennewick","name":"Kennewick","countryCode":"US","activeShowCount":0,"imminentShowCount":0,"liveStatusConfidence":null,"brightness":0.0}},{"type":"Feature","geometry":{"type":"Point","coordinates":[-82.515092,37.481669]},"properties":{"id":"city-985","slug":"pikeville","name":"Pikeville","countryCode":"US","activeShowCount":0,"imminentShowCount":0,"liveStatusConfidence":null,"brightness":0.0}},{"type":"Feature","geometry":{"type":"Point","coordinates":[-85.971427,41.684032]},"properties":{"id":"city-986","slug":"elkhart","name":"Elkhart","countryCode":"US","activeShowCount":0,"imminentShowCount":0,"liveStatusConfidence":null,"brightness":0.0}},{"type":"Feature","geometry":{"type":"Point","coordinates":[-90.66545,42.497614]},"properties":{"id":"city-987","slug":"dubuque","name":"Dubuque","countryCode":"US","activeShowCount":0,"imminentShowCount":0,"liveStatusConfidence":null,"brightness":0.0}},{"type":"Feature","geometry":{"type":"Point","coordinates":[-76.121059,36.800964]},"properties":{"id":"city-988","slug":"virginia-beach","name":"Virginia Beach","countryCode":"US","activeShowCount":0,"imminentShowCount":0,"liveStatusConfidence":null,"brightness":0.0}},{"type":"Feature","geometry":{"type":"Point","coordinates":[-97.819779,30.541741]},"properties":{"id":"city-989","slug":"cedar-park","name":"Cedar Park","countryCode":"US","activeShowCount":0,"imminentShowCount":0,"liveStatusConfidence":null,"brightness":0.0}},{"type":"Feature","geometry":{"type":"Point","coordinates":[-68.64628,44.93519]},"properties":{"id":"city-990","slug":"old-town","name":"Old Town","countryCode":"US","activeShowCount":0,"imminentShowCount":0,"liveStatusConfidence":null,"brightness":0.0}},{"type":"Feature","geometry":{"type":"Point","coordinates":[-85.902207,38.179294]},"properties":{"id":"city-991","slug":"elizabeth","name":"Elizabeth","countryCode":"US","activeShowCount":0,"imminentShowCount":0,"liveStatusConfidence":null,"brightness":0.0}},{"type":"Feature","geometry":{"type":"Point","coordinates":[-93.080803,30.2894]},"properties":{"id":"city-992","slug":"lake-charles","name":"Lake Charles","countryCode":"US","activeShowCount":0,"imminentShowCount":0,"liveStatusConfidence":null,"brightness":0.0}},{"type":"Feature","geometry":{"type":"Point","coordinates":[-70.95121,42.464809]},"properties":{"id":"city-993","slug":"lynn","name":"Lynn","countryCode":"US","activeShowCount":0,"imminentShowCount":0,"liveStatusConfidence":null,"brightness":0.0}},{"type":"Feature","geometry":{"type":"Point","coordinates":[-95.643628,29.577096]},"properties":{"id":"city-994","slug":"sugar-land","name":"Sugar Land","countryCode":"US","activeShowCount":0,"imminentShowCount":0,"liveStatusConfidence":null,"brightness":0.0}},{"type":"Feature","geometry":{"type":"Point","coordinates":[-81.395798,30.173401]},"properties":{"id":"city-995","slug":"ponte-vedra-beach","name":"Ponte Vedra Beach","countryCode":"US","activeShowCount":0,"imminentShowCount":0,"liveStatusConfidence":null,"brightness":0.0}},{"type":"Feature","geometry":{"type":"Point","coordinates":[-81.580335,41.508513]},"properties":{"id":"city-996","slug":"cleveland-heights","name":"Cleveland Heights","countryCode":"US","activeShowCount":0,"imminentShowCount":0,"liveStatusConfidence":null,"brightness":0.0}},{"type":"Feature","geometry":{"type":"Point","coordinates":[-122.185744,48.088404]},"properties":{"id":"city-997","slug":"tulalip","name":"Tulalip","countryCode":"US","activeShowCount":0,"imminentShowCount":0,"liveStatusConfidence":null,"brightness":0.0}},{"type":"Feature","geometry":{"type":"Point","coordinates":[-97.078721,47.921612]},"properties":{"id":"city-998","slug":"grand-forks","name":"Grand Forks","countryCode":"US","activeShowCount":0,"imminentShowCount":0,"liveStatusConfidence":null,"brightness":0.0}},{"type":"Feature","geometry":{"type":"Point","coordinates":[-86.912174,40.429649]},"properties":{"id":"city-999","slug":"west-lafayette","name":"West Lafayette","countryCode":"US","activeShowCount":0,"imminentShowCount":0,"liveStatusConfidence":null,"brightness":0.0}},{"type":"Feature","geometry":{"type":"Point","coordinates":[-73.502403,41.3064]},"properties":{"id":"city-1000","slug":"ridgefield","name":"Ridgefield","countryCode":"US","activeShowCount":0,"imminentShowCount":0,"liveStatusConfidence":null,"brightness":0.0}},{"type":"Feature","geometry":{"type":"Point","coordinates":[-75.2352,43.099474]},"properties":{"id":"city-1001","slug":"utica","name":"Utica","countryCode":"US","activeShowCount":0,"imminentShowCount":0,"liveStatusConfidence":null,"brightness":0.0}},{"type":"Feature","geometry":{"type":"Point","coordinates":[-73.726025,40.711798]},"properties":{"id":"city-1002","slug":"belmont-park","name":"Belmont Park","countryCode":"US","activeShowCount":0,"imminentShowCount":0,"liveStatusConfidence":null,"brightness":0.0}},{"type":"Feature","geometry":{"type":"Point","coordinates":[-90.174792,32.335893]},"properties":{"id":"city-1003","slug":"jackson","name":"Jackson","countryCode":"US","activeShowCount":0,"imminentShowCount":0,"liveStatusConfidence":null,"brightness":0.0}},{"type":"Feature","geometry":{"type":"Point","coordinates":[-76.31327,40.17542]},"properties":{"id":"city-1004","slug":"lititz","name":"Lititz","countryCode":"US","activeShowCount":0,"imminentShowCount":0,"liveStatusConfidence":null,"brightness":0.0}},{"type":"Feature","geometry":{"type":"Point","coordinates":[-80.134582,25.949602]},"properties":{"id":"city-1005","slug":"aventura","name":"Aventura","countryCode":"US","activeShowCount":0,"imminentShowCount":0,"liveStatusConfidence":null,"brightness":0.0}},{"type":"Feature","geometry":{"type":"Point","coordinates":[-96.414088,33.952206]},"properties":{"id":"city-1006","slug":"durant","name":"Durant","countryCode":"US","activeShowCount":0,"imminentShowCount":0,"liveStatusConfidence":null,"brightness":0.0}},{"type":"Feature","geometry":{"type":"Point","coordinates":[-104.52143,33.39607]},"properties":{"id":"city-1007","slug":"roswell","name":"Roswell","countryCode":"US","activeShowCount":0,"imminentShowCount":0,"liveStatusConfidence":null,"brightness":0.0}},{"type":"Feature","geometry":{"type":"Point","coordinates":[-116.182898,33.710229]},"properties":{"id":"city-1008","slug":"coachella","name":"Coachella","countryCode":"US","activeShowCount":0,"imminentShowCount":0,"liveStatusConfidence":null,"brightness":0.0}},{"type":"Feature","geometry":{"type":"Point","coordinates":[-118.06182,33.86799]},"properties":{"id":"city-1009","slug":"cerritos","name":"Cerritos","countryCode":"US","activeShowCount":0,"imminentShowCount":0,"liveStatusConfidence":null,"brightness":0.0}},{"type":"Feature","geometry":{"type":"Point","coordinates":[-73.929356,41.704964]},"properties":{"id":"city-1010","slug":"poughkeepsie","name":"Poughkeepsie","countryCode":"US","activeShowCount":0,"imminentShowCount":0,"liveStatusConfidence":null,"brightness":0.0}},{"type":"Feature","geometry":{"type":"Point","coordinates":[-75.47697,40.60126]},"properties":{"id":"city-1011","slug":"allentown","name":"Allentown","countryCode":"US","activeShowCount":0,"imminentShowCount":0,"liveStatusConfidence":null,"brightness":0.0}},{"type":"Feature","geometry":{"type":"Point","coordinates":[-74.216515,40.812499]},"properties":{"id":"city-1012","slug":"montclair","name":"Montclair","countryCode":"US","activeShowCount":0,"imminentShowCount":0,"liveStatusConfidence":null,"brightness":0.0}},{"type":"Feature","geometry":{"type":"Point","coordinates":[-84.50678,33.47264]},"properties":{"id":"city-1013","slug":"fayetteville","name":"Fayetteville","countryCode":"US","activeShowCount":0,"imminentShowCount":0,"liveStatusConfidence":null,"brightness":0.0}},{"type":"Feature","geometry":{"type":"Point","coordinates":[-149.892542,61.217581]},"properties":{"id":"city-1014","slug":"anchorage","name":"Anchorage","countryCode":"US","activeShowCount":0,"imminentShowCount":0,"liveStatusConfidence":null,"brightness":0.0}},{"type":"Feature","geometry":{"type":"Point","coordinates":[-79.955193,39.630611]},"properties":{"id":"city-1015","slug":"morgantown","name":"Morgantown","countryCode":"US","activeShowCount":0,"imminentShowCount":0,"liveStatusConfidence":null,"brightness":0.0}},{"type":"Feature","geometry":{"type":"Point","coordinates":[-98.244399,26.120118]},"properties":{"id":"city-1016","slug":"hidalgo","name":"Hidalgo","countryCode":"US","activeShowCount":0,"imminentShowCount":0,"liveStatusConfidence":null,"brightness":0.0}},{"type":"Feature","geometry":{"type":"Point","coordinates":[-76.380428,37.034088]},"properties":{"id":"city-1017","slug":"hampton","name":"Hampton","countryCode":"US","activeShowCount":0,"imminentShowCount":0,"liveStatusConfidence":null,"brightness":0.0}},{"type":"Feature","geometry":{"type":"Point","coordinates":[-95.526499,33.935825]},"properties":{"id":"city-1018","slug":"grant","name":"Grant","countryCode":"US","activeShowCount":0,"imminentShowCount":0,"liveStatusConfidence":null,"brightness":0.0}},{"type":"Feature","geometry":{"type":"Point","coordinates":[-82.451772,27.942743]},"properties":{"id":"city-1019","slug":"tampa","name":"Tampa","countryCode":"US","activeShowCount":0,"imminentShowCount":0,"liveStatusConfidence":null,"brightness":0.0}},{"type":"Feature","geometry":{"type":"Point","coordinates":[-96.04084,41.18287]},"properties":{"id":"city-1020","slug":"la-vista","name":"La Vista","countryCode":"US","activeShowCount":0,"imminentShowCount":0,"liveStatusConfidence":null,"brightness":0.0}},{"type":"Feature","geometry":{"type":"Point","coordinates":[-94.097772,30.081954]},"properties":{"id":"city-1021","slug":"beaumont","name":"Beaumont","countryCode":"US","activeShowCount":0,"imminentShowCount":0,"liveStatusConfidence":null,"brightness":0.0}},{"type":"Feature","geometry":{"type":"Point","coordinates":[-115.089875,36.020516]},"properties":{"id":"city-1022","slug":"henderson","name":"Henderson","countryCode":"US","activeShowCount":0,"imminentShowCount":0,"liveStatusConfidence":null,"brightness":0.0}},{"type":"Feature","geometry":{"type":"Point","coordinates":[-89.290647,31.32561]},"properties":{"id":"city-1023","slug":"hattiesburg","name":"Hattiesburg","countryCode":"US","activeShowCount":0,"imminentShowCount":0,"liveStatusConfidence":null,"brightness":0.0}},{"type":"Feature","geometry":{"type":"Point","coordinates":[-83.521806,42.218595]},"properties":{"id":"city-1024","slug":"belleville","name":"Belleville","countryCode":"US","activeShowCount":0,"imminentShowCount":0,"liveStatusConfidence":null,"brightness":0.0}},{"type":"Feature","geometry":{"type":"Point","coordinates":[-77.027462,38.997341]},"properties":{"id":"city-1025","slug":"silver-spring","name":"Silver Spring","countryCode":"US","activeShowCount":0,"imminentShowCount":0,"liveStatusConfidence":null,"brightness":0.0}},{"type":"Feature","geometry":{"type":"Point","coordinates":[-95.890232,41.237376]},"properties":{"id":"city-1026","slug":"council-bluffs","name":"Council Bluffs","countryCode":"US","activeShowCount":0,"imminentShowCount":0,"liveStatusConfidence":null,"brightness":0.0}},{"type":"Feature","geometry":{"type":"Point","coordinates":[-81.61206,41.50922]},"properties":{"id":"city-1027","slug":"cleveland","name":"Cleveland","countryCode":"US","activeShowCount":0,"imminentShowCount":0,"liveStatusConfidence":null,"brightness":0.0}},{"type":"Feature","geometry":{"type":"Point","coordinates":[-96.749303,43.562058]},"properties":{"id":"city-1028","slug":"sioux-falls","name":"Sioux Falls","countryCode":"US","activeShowCount":0,"imminentShowCount":0,"liveStatusConfidence":null,"brightness":0.0}},{"type":"Feature","geometry":{"type":"Point","coordinates":[-70.816296,42.843561]},"properties":{"id":"city-1029","slug":"salisbury","name":"Salisbury","countryCode":"US","activeShowCount":0,"imminentShowCount":0,"liveStatusConfidence":null,"brightness":0.0}},{"type":"Feature","geometry":{"type":"Point","coordinates":[-91.25567,43.81224]},"properties":{"id":"city-1030","slug":"la-crosse","name":"La Crosse","countryCode":"US","activeShowCount":0,"imminentShowCount":0,"liveStatusConfidence":null,"brightness":0.0}},{"type":"Feature","geometry":{"type":"Point","coordinates":[-92.561203,46.625702]},"properties":{"id":"city-1031","slug":"carlton","name":"Carlton","countryCode":"US","activeShowCount":0,"imminentShowCount":0,"liveStatusConfidence":null,"brightness":0.0}},{"type":"Feature","geometry":{"type":"Point","coordinates":[-81.778614,26.440127]},"properties":{"id":"city-1032","slug":"estero","name":"Estero","countryCode":"US","activeShowCount":0,"imminentShowCount":0,"liveStatusConfidence":null,"brightness":0.0}},{"type":"Feature","geometry":{"type":"Point","coordinates":[-88.946098,44.965]},"properties":{"id":"city-1033","slug":"bowler","name":"Bowler","countryCode":"US","activeShowCount":0,"imminentShowCount":0,"liveStatusConfidence":null,"brightness":0.0}},{"type":"Feature","geometry":{"type":"Point","coordinates":[-85.39003,31.22479]},"properties":{"id":"city-1034","slug":"dothan","name":"Dothan","countryCode":"US","activeShowCount":0,"imminentShowCount":0,"liveStatusConfidence":null,"brightness":0.0}},{"type":"Feature","geometry":{"type":"Point","coordinates":[-122.347852,48.560728]},"properties":{"id":"city-1035","slug":"bow","name":"Bow","countryCode":"US","activeShowCount":0,"imminentShowCount":0,"liveStatusConfidence":null,"brightness":0.0}},{"type":"Feature","geometry":{"type":"Point","coordinates":[-75.686969,40.898098]},"properties":{"id":"city-1036","slug":"jim-thorpe","name":"Jim Thorpe","countryCode":"US","activeShowCount":0,"imminentShowCount":0,"liveStatusConfidence":null,"brightness":0.0}},{"type":"Feature","geometry":{"type":"Point","coordinates":[-80.652039,41.113733]},"properties":{"id":"city-1037","slug":"youngstown","name":"Youngstown","countryCode":"US","activeShowCount":0,"imminentShowCount":0,"liveStatusConfidence":null,"brightness":0.0}},{"type":"Feature","geometry":{"type":"Point","coordinates":[-74.064651,40.732476]},"properties":{"id":"city-1038","slug":"jersey-city","name":"Jersey City","countryCode":"US","activeShowCount":0,"imminentShowCount":0,"liveStatusConfidence":null,"brightness":0.0}},{"type":"Feature","geometry":{"type":"Point","coordinates":[-74.80013,41.32352]},"properties":{"id":"city-1039","slug":"milford","name":"Milford","countryCode":"US","activeShowCount":0,"imminentShowCount":0,"liveStatusConfidence":null,"brightness":0.0}},{"type":"Feature","geometry":{"type":"Point","coordinates":[-93.73205,32.515987]},"properties":{"id":"city-1040","slug":"bossier-city","name":"Bossier City","countryCode":"US","activeShowCount":0,"imminentShowCount":0,"liveStatusConfidence":null,"brightness":0.0}},{"type":"Feature","geometry":{"type":"Point","coordinates":[-118.13965,34.61442]},"properties":{"id":"city-1041","slug":"palmdale","name":"Palmdale","countryCode":"US","activeShowCount":0,"imminentShowCount":0,"liveStatusConfidence":null,"brightness":0.0}},{"type":"Feature","geometry":{"type":"Point","coordinates":[-85.408841,40.197232]},"properties":{"id":"city-1042","slug":"muncie","name":"Muncie","countryCode":"US","activeShowCount":0,"imminentShowCount":0,"liveStatusConfidence":null,"brightness":0.0}},{"type":"Feature","geometry":{"type":"Point","coordinates":[-78.752979,42.155872]},"properties":{"id":"city-1043","slug":"salamanca","name":"Salamanca","countryCode":"US","activeShowCount":0,"imminentShowCount":0,"liveStatusConfidence":null,"brightness":0.0}},{"type":"Feature","geometry":{"type":"Point","coordinates":[-81.06338,27.09039]},"properties":{"id":"city-1044","slug":"okeechobee","name":"Okeechobee","countryCode":"US","activeShowCount":0,"imminentShowCount":0,"liveStatusConfidence":null,"brightness":0.0}},{"type":"Feature","geometry":{"type":"Point","coordinates":[-118.382896,34.064899]},"properties":{"id":"city-1045","slug":"beverly-hills","name":"Beverly Hills","countryCode":"US","activeShowCount":0,"imminentShowCount":0,"liveStatusConfidence":null,"brightness":0.0}},{"type":"Feature","geometry":{"type":"Point","coordinates":[-81.416498,26.410641]},"properties":{"id":"city-1046","slug":"immokalee","name":"Immokalee","countryCode":"US","activeShowCount":0,"imminentShowCount":0,"liveStatusConfidence":null,"brightness":0.0}},{"type":"Feature","geometry":{"type":"Point","coordinates":[-81.957252,28.043331]},"properties":{"id":"city-1047","slug":"lakeland","name":"Lakeland","countryCode":"US","activeShowCount":0,"imminentShowCount":0,"liveStatusConfidence":null,"brightness":0.0}},{"type":"Feature","geometry":{"type":"Point","coordinates":[-80.058873,40.464828]},"properties":{"id":"city-1048","slug":"mckees-rocks","name":"McKees Rocks","countryCode":"US","activeShowCount":0,"imminentShowCount":0,"liveStatusConfidence":null,"brightness":0.0}},{"type":"Feature","geometry":{"type":"Point","coordinates":[-83.037345,42.536448]},"properties":{"id":"city-1049","slug":"warren","name":"Warren","countryCode":"US","activeShowCount":0,"imminentShowCount":0,"liveStatusConfidence":null,"brightness":0.0}},{"type":"Feature","geometry":{"type":"Point","coordinates":[-122.570966,47.713056]},"properties":{"id":"city-1050","slug":"suquamish","name":"Suquamish","countryCode":"US","activeShowCount":0,"imminentShowCount":0,"liveStatusConfidence":null,"brightness":0.0}},{"type":"Feature","geometry":{"type":"Point","coordinates":[-119.29141,34.28043]},"properties":{"id":"city-1051","slug":"ventura","name":"Ventura","countryCode":"US","activeShowCount":0,"imminentShowCount":0,"liveStatusConfidence":null,"brightness":0.0}},{"type":"Feature","geometry":{"type":"Point","coordinates":[-76.7201,39.170101]},"properties":{"id":"city-1052","slug":"hanover","name":"Hanover","countryCode":"US","activeShowCount":0,"imminentShowCount":0,"liveStatusConfidence":null,"brightness":0.0}},{"type":"Feature","geometry":{"type":"Point","coordinates":[-74.937897,40.1068]},"properties":{"id":"city-1053","slug":"bensalem","name":"Bensalem","countryCode":"US","activeShowCount":0,"imminentShowCount":0,"liveStatusConfidence":null,"brightness":0.0}},{"type":"Feature","geometry":{"type":"Point","coordinates":[-88.575249,39.129449]},"properties":{"id":"city-1054","slug":"effingham","name":"Effingham","countryCode":"US","activeShowCount":0,"imminentShowCount":0,"liveStatusConfidence":null,"brightness":0.0}},{"type":"Feature","geometry":{"type":"Point","coordinates":[-82.384598,36.297501]},"properties":{"id":"city-1055","slug":"johnson-city","name":"Johnson City","countryCode":"US","activeShowCount":0,"imminentShowCount":0,"liveStatusConfidence":null,"brightness":0.0}},{"type":"Feature","geometry":{"type":"Point","coordinates":[-87.568923,37.972682]},"properties":{"id":"city-1056","slug":"evansville","name":"Evansville","countryCode":"US","activeShowCount":0,"imminentShowCount":0,"liveStatusConfidence":null,"brightness":0.0}},{"type":"Feature","geometry":{"type":"Point","coordinates":[-112.336185,34.589212]},"properties":{"id":"city-1057","slug":"prescott-valley","name":"Prescott Valley","countryCode":"US","activeShowCount":0,"imminentShowCount":0,"liveStatusConfidence":null,"brightness":0.0}},{"type":"Feature","geometry":{"type":"Point","coordinates":[-87.404034,41.566709]},"properties":{"id":"city-1058","slug":"gary","name":"Gary","countryCode":"US","activeShowCount":0,"imminentShowCount":0,"liveStatusConfidence":null,"brightness":0.0}},{"type":"Feature","geometry":{"type":"Point","coordinates":[-82.555289,35.597471]},"properties":{"id":"city-1059","slug":"asheville","name":"Asheville","countryCode":"US","activeShowCount":0,"imminentShowCount":0,"liveStatusConfidence":null,"brightness":0.0}},{"type":"Feature","geometry":{"type":"Point","coordinates":[-96.655192,33.129178]},"properties":{"id":"city-1060","slug":"allen","name":"Allen","countryCode":"US","activeShowCount":0,"imminentShowCount":0,"liveStatusConfidence":null,"brightness":0.0}},{"type":"Feature","geometry":{"type":"Point","coordinates":[-75.172203,40.1012]},"properties":{"id":"city-1061","slug":"glenside","name":"Glenside","countryCode":"US","activeShowCount":0,"imminentShowCount":0,"liveStatusConfidence":null,"brightness":0.0}},{"type":"Feature","geometry":{"type":"Point","coordinates":[-123.100707,47.215095]},"properties":{"id":"city-1062","slug":"shelton","name":"Shelton","countryCode":"US","activeShowCount":0,"imminentShowCount":0,"liveStatusConfidence":null,"brightness":0.0}},{"type":"Feature","geometry":{"type":"Point","coordinates":[-81.097794,32.078486]},"properties":{"id":"city-1063","slug":"savannah","name":"Savannah","countryCode":"US","activeShowCount":0,"imminentShowCount":0,"liveStatusConfidence":null,"brightness":0.0}},{"type":"Feature","geometry":{"type":"Point","coordinates":[-91.657997,41.974701]},"properties":{"id":"city-1064","slug":"cedar-rapids","name":"Cedar Rapids","countryCode":"US","activeShowCount":0,"imminentShowCount":0,"liveStatusConfidence":null,"brightness":0.0}},{"type":"Feature","geometry":{"type":"Point","coordinates":[-84.287523,30.437668]},"properties":{"id":"city-1065","slug":"tallahassee","name":"Tallahassee","countryCode":"US","activeShowCount":0,"imminentShowCount":0,"liveStatusConfidence":null,"brightness":0.0}},{"type":"Feature","geometry":{"type":"Point","coordinates":[-87.86369,41.976641]},"properties":{"id":"city-1066","slug":"rosemont","name":"Rosemont","countryCode":"US","activeShowCount":0,"imminentShowCount":0,"liveStatusConfidence":null,"brightness":0.0}},{"type":"Feature","geometry":{"type":"Point","coordinates":[-121.287488,37.952618]},"properties":{"id":"city-1067","slug":"stockton","name":"Stockton","countryCode":"US","activeShowCount":0,"imminentShowCount":0,"liveStatusConfidence":null,"brightness":0.0}},{"type":"Feature","geometry":{"type":"Point","coordinates":[-83.299504,35.469878]},"properties":{"id":"city-1068","slug":"cherokee","name":"Cherokee","countryCode":"US","activeShowCount":0,"imminentShowCount":0,"liveStatusConfidence":null,"brightness":0.0}},{"type":"Feature","geometry":{"type":"Point","coordinates":[-117.375332,33.98376]},"properties":{"id":"city-1069","slug":"riverside","name":"Riverside","countryCode":"US","activeShowCount":0,"imminentShowCount":0,"liveStatusConfidence":null,"brightness":0.0}},{"type":"Feature","geometry":{"type":"Point","coordinates":[-82.715599,27.981199]},"properties":{"id":"city-1070","slug":"clearwater","name":"Clearwater","countryCode":"US","activeShowCount":0,"imminentShowCount":0,"liveStatusConfidence":null,"brightness":0.0}},{"type":"Feature","geometry":{"type":"Point","coordinates":[-72.091456,41.491597]},"properties":{"id":"city-1071","slug":"uncasville","name":"Uncasville","countryCode":"US","activeShowCount":0,"imminentShowCount":0,"liveStatusConfidence":null,"brightness":0.0}},{"type":"Feature","geometry":{"type":"Point","coordinates":[-106.686489,35.308581]},"properties":{"id":"city-1072","slug":"rio-rancho","name":"Rio Rancho","countryCode":"US","activeShowCount":0,"imminentShowCount":0,"liveStatusConfidence":null,"brightness":0.0}},{"type":"Feature","geometry":{"type":"Point","coordinates":[-119.710999,34.4179]},"properties":{"id":"city-1073","slug":"santa-barbara","name":"Santa Barbara","countryCode":"US","activeShowCount":0,"imminentShowCount":0,"liveStatusConfidence":null,"brightness":0.0}},{"type":"Feature","geometry":{"type":"Point","coordinates":[-88.583,37.001499]},"properties":{"id":"city-1074","slug":"paducah","name":"Paducah","countryCode":"US","activeShowCount":0,"imminentShowCount":0,"liveStatusConfidence":null,"brightness":0.0}},{"type":"Feature","geometry":{"type":"Point","coordinates":[-71.412804,41.8204]},"properties":{"id":"city-1075","slug":"providence","name":"Providence","countryCode":"US","activeShowCount":0,"imminentShowCount":0,"liveStatusConfidence":null,"brightness":0.0}},{"type":"Feature","geometry":{"type":"Point","coordinates":[-119.496563,49.889878]},"properties":{"id":"city-1076","slug":"kelowna","name":"Kelowna","countryCode":"CA","activeShowCount":0,"imminentShowCount":0,"liveStatusConfidence":null,"brightness":0.0}},{"type":"Feature","geometry":{"type":"Point","coordinates":[-116.50803,43.608066]},"properties":{"id":"city-1077","slug":"nampa","name":"Nampa","countryCode":"US","activeShowCount":0,"imminentShowCount":0,"liveStatusConfidence":null,"brightness":0.0}},{"type":"Feature","geometry":{"type":"Point","coordinates":[-88.056561,44.500206]},"properties":{"id":"city-1078","slug":"green-bay","name":"Green Bay","countryCode":"US","activeShowCount":0,"imminentShowCount":0,"liveStatusConfidence":null,"brightness":0.0}},{"type":"Feature","geometry":{"type":"Point","coordinates":[-105.208969,39.66774]},"properties":{"id":"city-1079","slug":"morrison","name":"Morrison","countryCode":"US","activeShowCount":0,"imminentShowCount":0,"liveStatusConfidence":null,"brightness":0.0}},{"type":"Feature","geometry":{"type":"Point","coordinates":[-119.021636,35.377549]},"properties":{"id":"city-1080","slug":"bakersfield","name":"Bakersfield","countryCode":"US","activeShowCount":0,"imminentShowCount":0,"liveStatusConfidence":null,"brightness":0.0}},{"type":"Feature","geometry":{"type":"Point","coordinates":[-73.94176,42.81237]},"properties":{"id":"city-1081","slug":"schenectady","name":"Schenectady","countryCode":"US","activeShowCount":0,"imminentShowCount":0,"liveStatusConfidence":null,"brightness":0.0}},{"type":"Feature","geometry":{"type":"Point","coordinates":[-105.937799,35.686975]},"properties":{"id":"city-1082","slug":"santa-fe","name":"Santa Fe","countryCode":"US","activeShowCount":0,"imminentShowCount":0,"liveStatusConfidence":null,"brightness":0.0}},{"type":"Feature","geometry":{"type":"Point","coordinates":[-79.902964,40.407337]},"properties":{"id":"city-1083","slug":"homestead","name":"Homestead","countryCode":"US","activeShowCount":0,"imminentShowCount":0,"liveStatusConfidence":null,"brightness":0.0}},{"type":"Feature","geometry":{"type":"Point","coordinates":[-122.749298,38.492946]},"properties":{"id":"city-1084","slug":"santa-rosa","name":"Santa Rosa","countryCode":"US","activeShowCount":0,"imminentShowCount":0,"liveStatusConfidence":null,"brightness":0.0}},{"type":"Feature","geometry":{"type":"Point","coordinates":[-82.546716,27.342566]},"properties":{"id":"city-1085","slug":"sarasota","name":"Sarasota","countryCode":"US","activeShowCount":0,"imminentShowCount":0,"liveStatusConfidence":null,"brightness":0.0}},{"type":"Feature","geometry":{"type":"Point","coordinates":[-156.480418,20.89273]},"properties":{"id":"city-1086","slug":"kahului","name":"Kahului","countryCode":"US","activeShowCount":0,"imminentShowCount":0,"liveStatusConfidence":null,"brightness":0.0}},{"type":"Feature","geometry":{"type":"Point","coordinates":[-123.092766,44.048618]},"properties":{"id":"city-1087","slug":"eugene","name":"Eugene","countryCode":"US","activeShowCount":0,"imminentShowCount":0,"liveStatusConfidence":null,"brightness":0.0}},{"type":"Feature","geometry":{"type":"Point","coordinates":[-71.534542,43.201429]},"properties":{"id":"city-1088","slug":"concord","name":"Concord","countryCode":"US","activeShowCount":0,"imminentShowCount":0,"liveStatusConfidence":null,"brightness":0.0}},{"type":"Feature","geometry":{"type":"Point","coordinates":[-104.821114,41.135]},"properties":{"id":"city-1089","slug":"cheyenne","name":"Cheyenne","countryCode":"US","activeShowCount":0,"imminentShowCount":0,"liveStatusConfidence":null,"brightness":0.0}},{"type":"Feature","geometry":{"type":"Point","coordinates":[-101.832467,35.208486]},"properties":{"id":"city-1090","slug":"amarillo","name":"Amarillo","countryCode":"US","activeShowCount":0,"imminentShowCount":0,"liveStatusConfidence":null,"brightness":0.0}},{"type":"Feature","geometry":{"type":"Point","coordinates":[-119.292059,36.330228]},"properties":{"id":"city-1091","slug":"visalia","name":"Visalia","countryCode":"US","activeShowCount":0,"imminentShowCount":0,"liveStatusConfidence":null,"brightness":0.0}}]}